證券名稱,成交股數,成交筆數,成交金額,開盤價,最高價,最低價,收盤價,漲跌(+/-),漲跌價差,最後揭示買價,最後揭示買量,最後揭示賣價,最後揭示賣量,本益比,Unnamed: 16
台泥,3741476,"1,714",176061451,47.50,47.50,46.65,47.10,-,0.15,47.10,5,47.15,1,18.62,
亞泥,3814263,"1,431",145296394,38.20,38.40,37.85,38.20,-,0.3,38.00,2,38.20,27,20.76,
嘉泥,355365,107,5463547,15.30,15.45,15.30,15.45,+,0.05,15.40,88,15.45,26,51.50,
環泥,426220,269,12744988,29.70,30.10,29.65,29.90,+,0.2,29.85,51,29.90,1,20.62,
幸福,1090969,245,9957937,9.10,9.20,9.03,9.15,+,0.05,9.10,45,9.15,5,19.89,
信大,183000,34,2195500,12.00,12.00,11.95,11.95,-,0.05,11.95,39,12.00,4,24.90,
東泥,35450,19,594987,16.85,16.85,16.70,16.85,+,0.05,16.70,52,16.90,8,105.31,
味全,633867,392,30453654,48.00,48.40,47.85,48.05,+,0.05,48.05,23,48.10,2,26.26,
味王,36802,45,877447,23.85,23.95,23.80,23.95,+,0.1,23.90,1,24.00,73,19.63,
大成,1656446,604,45026479,27.25,27.35,27.05,27.05,-,0.05,27.05,149,27.10,2,22.73,
大飲,83001,39,1790721,21.65,21.70,21.45,21.65,+,0.05,21.60,2,21.65,6,69.84,
卜蜂,6101970,"1,899",116715980,19.20,19.50,18.75,19.05,+,0.35,19.05,44,19.15,19,13.05,
統一,16157488,"4,453",823867988,50.60,51.60,50.50,51.10,+,0.4,51.10,494,51.20,10,19.43,
愛之味,3523557,621,33717598,9.46,9.61,9.45,9.59,+,0.13,9.56,2,9.59,18,0.00,
泰山,923795,347,12576125,13.50,13.70,13.50,13.55,+,0.1,13.55,21,13.65,34,0.00,
福壽,83224,37,1215245,14.60,14.65,14.55,14.60,,0.0,14.55,15,14.60,15,0.00,
台榮,151000,26,1531950,10.20,10.25,10.05,10.15,-,0.05,10.15,2,10.20,4,21.15,
福懋油,185727,87,2179946,11.65,11.75,11.65,11.75,+,0.1,11.75,10,11.80,66,0.00,
佳格,993142,782,83981106,84.10,85.80,84.10,84.60,-,0.1,84.50,2,84.60,8,26.60,
聯華,328399,139,6350638,19.40,19.40,19.25,19.35,-,0.05,19.35,1,19.40,91,11.66,
聯華食,220020,151,7877220,36.05,36.05,35.70,36.00,-,0.05,35.80,4,36.00,4,16.00,
大統益,65066,48,3999965,61.50,61.50,61.30,61.50,+,0.2,61.50,10,61.60,16,19.04,
天仁,31624,23,1517464,48.10,48.10,47.85,47.90,-,0.2,47.90,2,48.05,1,20.38,
黑松,93523,91,3061896,32.40,32.85,32.40,32.80,+,0.25,32.75,1,32.80,3,1.74,
興泰,833341,211,24878228,28.65,30.60,28.65,30.60,+,2.0,30.60,18,--,0,0.00,
宏亞,279288,64,7596029,27.55,27.60,27.15,27.15,-,0.05,27.15,4,27.30,30,15.88,
綠悅-KY,698112,620,166329932,247.00,247.50,231.00,231.00,-,12.0,231.00,6,233.00,1,29.06,
台塑,5545543,"2,016",414456325,75.00,75.00,74.50,75.00,,0.0,74.90,7,75.00,830,26.60,
南亞,6880709,"3,163",438604409,64.40,64.40,63.50,63.90,-,0.5,63.80,1,63.90,16,25.16,
台聚,2874389,"1,042",57324792,20.00,20.05,19.85,19.85,-,0.1,19.85,112,19.95,14,35.45,
華夏,2380506,735,35137479,14.85,14.90,14.65,14.70,-,0.15,14.70,8,14.75,87,8.91,
三芳,124435,91,3743239,30.10,30.25,29.95,30.15,+,0.05,30.10,42,30.20,6,14.71,
亞聚,1049770,430,24160505,23.00,23.10,22.90,23.05,+,0.05,23.05,19,23.10,15,27.44,
台達化,711438,197,7909118,11.10,11.20,11.05,11.05,-,0.05,11.05,21,11.10,19,34.53,
台苯,15948022,"4,615",256713752,16.30,16.40,15.90,16.05,-,0.35,16.05,82,16.10,42,11.46,
國喬,6201145,"2,174",109107282,17.70,17.80,17.50,17.55,,0.0,17.55,944,17.60,323,10.70,
國喬特,0,0,0,--,--,--,--,,0.0,23.00,2,23.25,1,0.00,
聯成,903849,280,12364233,13.65,13.75,13.65,13.70,+,0.05,13.65,62,13.70,30,28.54,
中石化,11178025,"3,614",138316160,12.35,12.50,12.30,12.30,-,0.05,12.30,439,12.35,37,0.00,
達新,37187,35,1073820,28.70,29.00,28.70,29.00,+,0.3,28.75,7,29.00,6,46.03,
上曜,201085,75,2722910,13.60,13.60,13.45,13.55,-,0.05,13.50,38,13.60,25,0.00,
東陽,4029984,"1,514",180982171,45.30,45.50,44.40,44.85,-,0.35,44.85,28,44.90,3,21.99,
大洋,5887271,"3,319",273691820,45.00,47.50,44.60,47.45,+,3.05,47.30,1,47.45,6,0.00,
永裕,210800,146,8501047,40.90,40.90,40.15,40.25,,0.0,40.25,2,40.50,16,15.13,
地球,71414,45,1062960,14.90,15.00,14.80,14.90,-,0.1,14.85,2,14.90,1,21.91,
恆大,231542,103,4635411,20.10,20.10,19.95,20.10,,0.0,20.10,24,20.15,4,27.53,
台化,8063523,"3,813",590498267,74.00,74.00,73.00,73.50,-,0.5,73.30,23,73.50,35,16.97,
再生-KY,1585811,"1,088",142408807,90.00,90.40,89.10,89.30,-,0.7,89.30,8,89.40,8,12.76,
廣華-KY,287700,221,32444600,112.00,114.00,111.50,113.00,+,2.5,112.50,2,113.00,1,32.19,
昭輝,95055,63,4751000,50.40,50.40,49.80,49.90,-,0.3,49.90,38,50.00,1,16.10,
勝悅-KY,724111,536,123046592,168.50,173.00,166.50,170.00,+,3.0,169.50,2,170.00,2,23.42,
遠東新,4897253,"2,122",152469693,31.30,31.50,31.00,31.00,-,0.3,31.00,68,31.10,42,23.31,
新纖,6876942,967,69586430,10.10,10.20,10.00,10.15,+,0.05,10.15,"1,616",10.20,418,15.15,
南染,514059,215,12026827,23.05,23.55,23.05,23.50,+,0.55,23.40,1,23.50,20,21.36,
宏洲,145054,48,663454,4.56,4.60,4.53,4.53,-,0.02,4.54,5,4.57,5,0.00,
東和,388826,174,3806006,9.81,9.83,9.77,9.77,,0.0,9.76,8,9.77,22,15.51,
廣豐,311455,87,5905913,19.10,19.10,18.90,18.90,-,0.1,18.90,34,19.00,20,75.60,
嘉裕,777515,253,6562689,8.49,8.51,8.41,8.41,-,0.06,8.41,44,8.44,1,0.00,
東華,406837,147,2699119,6.50,6.72,6.50,6.50,,0.0,6.50,8,6.59,1,0.00,
新紡,74066,32,2933389,39.70,39.75,39.40,39.40,-,0.2,39.40,7,39.45,2,64.59,
利華,107011,35,864218,8.12,8.12,8.06,8.08,,0.0,8.08,1,8.09,10,0.00,
大魯閣,623587,333,16022593,26.00,26.00,25.55,25.65,-,0.2,25.65,23,25.70,5,5.63,
福懋,1335846,810,41797986,31.40,31.60,31.20,31.25,-,0.15,31.25,1,31.30,5,28.94,
中福,508350,142,3665302,7.22,7.30,7.11,7.11,-,0.08,7.11,2,7.18,1,0.00,
華友聯,13058,12,652063,49.90,50.00,49.90,50.00,,0.0,49.20,1,50.00,23,0.00,
勤益控,769536,288,16210551,21.30,21.60,20.90,20.90,-,0.4,20.90,1,20.95,3,0.00,
裕豐,6078195,"1,297",42304168,6.96,6.96,6.95,6.96,+,0.45,6.96,"1,190",--,0,36.63,
中和,98001,52,1436214,14.85,14.85,14.60,14.80,,0.0,14.65,1,14.75,2,0.00,
南紡,2390748,805,49274097,20.55,20.75,20.50,20.50,-,0.05,20.50,110,20.55,10,24.40,
大東,117710,74,1157634,9.84,9.90,9.81,9.82,-,0.01,9.82,22,9.87,2,40.92,
名軒,455170,239,15970534,35.10,35.40,34.95,35.40,+,0.1,35.30,1,35.40,6,5.61,
立益,118634,35,926746,7.94,7.94,7.75,7.77,+,0.07,7.77,8,7.83,5,0.00,
力麗,1169734,274,12553986,10.75,10.80,10.70,10.75,+,0.05,10.70,192,10.75,12,12.36,
大宇,816405,187,8606181,10.60,10.70,10.45,10.45,-,0.15,10.45,64,10.50,43,24.88,
宏和,1107539,389,36912754,32.70,33.90,32.55,33.00,+,0.4,33.00,4,33.15,2,0.00,
力鵬,2564618,699,35728196,14.00,14.10,13.85,13.90,-,0.05,13.90,72,13.95,4,9.03,
佳和,771004,77,1189934,1.59,1.59,1.51,1.51,-,0.08,1.51,124,1.55,101,0.00,
年興,753992,372,22781700,30.40,30.60,29.95,30.20,-,0.2,30.20,5,30.25,4,18.19,
宏益,792314,221,9517847,12.20,12.20,11.95,12.00,,0.0,12.00,13,12.05,44,11.65,
大將,93999,51,923728,9.95,9.95,9.73,9.88,+,0.16,9.88,8,9.90,1,9.98,
台富,94002,47,767406,8.15,8.24,8.14,8.20,+,0.05,8.14,6,8.18,1,48.24,
集盛,1882364,401,18691032,9.97,9.99,9.89,9.90,-,0.06,9.90,86,9.91,40,19.04,
怡華,41198,14,380489,9.36,9.36,9.20,9.20,+,0.35,9.05,5,9.18,1,0.00,
宜進,476831,117,3775033,7.90,7.95,7.89,7.90,,0.0,7.89,69,7.90,8,30.38,
聯發,93677,36,862820,9.22,9.22,9.20,9.21,-,0.02,9.21,10,9.22,6,76.75,
宏遠,9398750,"2,539",131931821,14.30,14.55,13.75,13.75,-,0.5,13.75,133,13.80,2,42.97,
強盛,718532,224,11829196,16.45,16.55,16.40,16.40,,0.0,16.40,65,16.50,12,"1,640.00",
得力,750585,161,10087007,13.60,13.60,13.35,13.40,-,0.1,13.35,41,13.40,12,83.75,
偉全,50000,18,800650,16.05,16.05,15.95,15.95,+,0.05,16.00,2,16.05,6,14.37,
聚隆,909414,399,17367594,18.60,19.40,18.50,19.30,+,0.8,19.25,8,19.30,16,18.04,
南緯,644722,183,9819101,15.20,15.30,15.15,15.20,,0.0,15.20,2,15.25,87,14.21,
昶和,22303,11,223135,9.95,10.15,9.95,9.98,-,0.02,9.98,1,10.15,6,0.00,
理隆,23000,9,274500,11.95,12.00,11.70,12.00,X,0.0,11.80,5,11.95,1,0.00,
大統新創,6000,3,102600,17.10,17.10,17.10,17.10,+,0.4,16.70,21,17.00,1,58.97,
首利,2522268,648,30549927,12.10,12.20,11.80,11.80,-,0.2,11.80,72,11.95,16,0.00,
三洋紡,252204,115,10414333,41.30,42.00,41.00,41.10,-,0.2,41.10,7,41.20,5,0.00,
台南,299301,159,9539082,32.20,32.20,31.70,32.15,+,0.05,31.85,1,32.15,10,16.66,
弘裕,98004,34,867532,8.91,8.91,8.82,8.83,+,0.02,8.83,2,8.87,2,0.00,
本盟,62251,36,1531372,24.60,24.60,24.60,24.60,+,1.6,24.60,306,--,0,0.00,
儒鴻,788027,779,314501111,405.00,405.00,393.00,393.00,-,12.0,393.00,31,394.00,1,38.83,
聚陽,1275513,891,216385210,171.00,171.50,168.50,168.50,-,1.5,168.50,52,169.00,8,22.71,
士電,98061,74,3673170,37.25,37.55,37.25,37.40,-,0.05,37.40,2,37.45,2,20.00,
東元,3078346,"1,568",104042448,33.80,34.15,33.65,33.70,-,0.5,33.70,18,33.75,13,18.02,
正道,691192,216,13311657,19.50,19.50,19.15,19.15,-,0.05,19.15,18,19.20,20,0.00,
永大,1110770,"1,006",96853000,88.10,88.80,86.50,87.00,-,1.0,87.00,18,87.10,2,23.14,
瑞利,3828329,995,40492685,10.40,10.75,10.25,10.65,+,0.35,10.60,63,10.65,16,0.00,
中興電,4773538,"1,794",106371996,22.40,22.50,22.05,22.05,-,0.25,22.05,65,22.10,11,23.21,
亞力,1451873,241,15053753,10.30,10.50,10.25,10.25,,0.0,10.25,69,10.30,32,29.29,
力山,149000,53,1676250,11.25,11.30,11.20,11.25,,0.0,11.20,27,11.25,1,13.08,
川飛,21506,14,277719,13.50,13.50,12.50,12.50,-,0.5,12.15,4,13.00,2,0.00,
利奇,4006475,"1,468",75681701,19.20,19.20,18.60,18.80,-,0.1,18.80,129,18.85,7,13.72,
華城,399971,179,6869802,17.30,17.40,17.05,17.10,-,0.2,17.10,10,17.15,1,20.12,
大億,218050,146,16327410,75.20,75.70,74.20,74.20,-,0.8,74.20,8,74.50,4,21.57,
堤維西,4279325,"1,651",84815636,19.75,20.15,19.55,19.65,+,0.1,19.65,5,19.70,40,78.60,
耿鼎,682935,218,5906080,8.70,8.73,8.60,8.61,-,0.05,8.61,34,8.62,4,0.00,
江申,209515,169,18231250,87.90,88.00,86.60,86.70,,0.0,86.70,28,86.90,5,21.62,
日馳,136292,50,1493853,10.75,11.10,10.75,10.90,-,0.05,10.90,26,11.10,11,17.87,
鑽全,6885862,"3,447",254330607,36.00,37.95,35.95,36.60,+,1.0,36.60,13,36.85,10,14.41,
恩德,371680,106,5625532,15.10,15.25,15.05,15.15,+,0.05,15.10,52,15.15,10,21.34,
樂士,93000,18,287780,3.20,3.20,2.98,3.18,-,0.02,3.08,8,3.18,40,0.00,
亞崴,739334,519,40595927,55.30,55.60,54.10,55.50,+,0.3,55.10,1,55.50,2,27.21,
高林股,2608741,"1,074",67163444,26.00,26.15,25.30,25.50,-,0.3,25.50,5,25.55,4,13.64,
勤美,562479,273,21042165,37.80,37.80,37.25,37.30,+,0.05,37.30,65,37.45,2,16.73,
車王電,1753513,"1,006",77857177,44.85,45.20,44.05,44.40,-,0.15,44.40,19,44.50,14,41.50,
中宇,97303,77,7409340,75.80,76.50,75.80,75.80,-,0.3,75.80,16,76.00,2,16.13,
和大,4334004,"2,142",242914098,56.20,56.80,55.40,55.40,+,0.1,55.40,87,55.50,5,32.78,
廣隆,2691365,"1,715",260481759,93.50,99.00,93.50,96.80,+,3.8,96.80,24,96.90,1,12.60,
正峰新,524322,229,6041070,11.55,11.65,11.40,11.50,+,0.05,11.50,7,11.60,23,0.00,
巨庭,213170,120,4467051,21.25,21.25,20.85,20.90,-,0.1,20.90,10,20.95,1,17.56,
喬福,1986820,877,47654992,24.50,24.50,23.65,23.80,-,0.45,23.80,12,23.85,20,36.62,
錩泰,571289,236,10351723,18.30,18.40,17.80,17.80,-,0.2,17.80,4,17.90,15,0.00,
中砂,2543317,"1,829",243606715,96.70,97.40,94.40,94.70,,0.0,94.60,12,94.70,232,25.39,
信錦,306203,182,16003957,52.00,52.50,52.00,52.10,+,0.1,52.10,17,52.40,7,11.95,
程泰,400611,334,34827062,87.10,88.00,85.60,87.70,+,1.1,87.20,13,87.70,2,26.26,
永冠-KY,3700256,"1,958",459650883,122.00,126.50,120.00,126.50,+,8.0,126.50,"4,078",--,0,25.45,
亞德客-KY,1502366,"1,247",493090132,328.00,335.00,323.50,325.50,+,2.5,325.50,1,326.00,2,32.45,
華電,203799,45,2731105,13.40,13.45,13.35,13.40,+,0.05,13.35,61,13.40,14,14.41,
聲寶,1890524,329,22844238,12.00,12.15,11.95,12.05,+,0.05,12.05,73,12.10,11,12.42,
華新,9468448,"2,529",88401058,9.35,9.39,9.31,9.31,,0.0,9.31,76,9.32,6,0.00,
華榮,301903,106,3360971,11.20,11.20,11.10,11.15,-,0.05,11.15,9,11.20,39,85.77,
大亞,1265396,238,8905792,7.10,7.10,7.02,7.03,,0.0,7.03,39,7.05,13,0.00,
中電,543176,232,7354975,13.50,13.65,13.50,13.50,,0.0,13.50,20,13.55,2,96.43,
宏泰,386600,154,3720233,9.63,9.67,9.58,9.62,,0.0,9.60,1,9.62,3,0.00,
台一,3208223,795,19051712,6.05,6.15,5.77,5.81,-,0.24,5.81,37,5.83,1,0.00,
三洋電,135750,70,5294099,39.10,39.10,38.85,39.05,-,0.05,39.05,3,39.10,3,42.91,
大山,4401,10,45379,10.30,10.40,10.25,10.40,,0.0,10.25,2,10.40,43,47.27,
億泰,811804,152,5016069,6.15,6.25,6.10,6.25,+,0.05,6.23,3,6.25,48,0.00,
榮星,147059,49,1361150,9.34,9.34,9.16,9.16,-,0.13,9.16,7,9.20,5,101.78,
合機,970595,274,10129493,10.50,10.60,10.30,10.30,-,0.1,10.30,9,10.35,2,171.67,
艾美特-KY,264154,205,20321610,77.10,77.20,76.50,76.80,-,0.3,76.80,8,77.00,4,15.42,
中化,999207,334,23268319,23.25,23.45,23.20,23.20,,0.0,23.20,38,23.30,9,25.22,
南僑,6415715,"3,152",378458853,57.10,60.40,56.60,60.40,+,3.9,60.30,3,60.40,204,19.74,
榮化,763941,545,27134196,35.85,35.95,35.45,35.45,-,0.4,35.45,151,35.50,5,53.71,
葡萄王,408767,370,51427256,125.50,126.50,125.50,125.50,+,0.5,125.50,18,126.00,12,21.83,
東鹼,514700,257,16746644,32.80,32.90,32.40,32.55,-,0.2,32.50,14,32.55,3,11.67,
和益,274571,181,4119546,14.95,15.10,14.90,14.95,,0.0,14.90,23,15.05,33,25.78,
東聯,1006486,458,30223030,30.30,30.30,29.95,30.00,-,0.05,29.95,84,30.00,268,20.83,
永光,14925342,"5,674",412755196,27.55,28.20,27.35,27.35,+,0.1,27.35,15,27.40,6,23.99,
興農,897022,299,14688149,16.45,16.45,16.35,16.35,,0.0,16.35,77,16.40,15,11.93,
國化,124222,34,2190407,17.70,17.70,17.60,17.65,-,0.05,17.65,1,17.70,11,33.30,
和桐,3902063,946,56655089,14.55,14.65,14.45,14.45,-,0.05,14.45,205,14.50,107,31.41,
萬洲,2647662,"1,042",58828999,22.40,22.45,22.10,22.30,-,0.15,22.20,22,22.30,125,18.74,
長興,3882736,"1,718",127580379,32.25,33.15,31.90,32.80,+,0.55,32.80,117,32.90,2,20.63,
中纖,4803598,"1,246",59010361,12.50,12.50,12.20,12.25,-,0.2,12.25,105,12.30,129,11.34,
生達,836782,491,36081121,42.50,43.45,42.50,42.95,+,0.7,42.95,18,43.00,2,22.61,
三晃,810330,272,7898024,9.39,9.87,9.38,9.80,+,0.5,9.80,56,9.82,17,122.50,
台肥,2261340,"1,358",141236744,62.90,63.00,62.20,62.30,-,0.6,62.30,31,62.40,1,15.54,
中碳,743233,518,132636847,178.00,180.50,177.50,177.50,,0.0,177.50,42,178.00,1,19.02,
台硝,163441,90,2622491,16.00,16.20,15.90,16.20,+,0.2,16.15,1,16.20,10,0.00,
元禎,13135,10,199154,15.00,15.30,15.00,15.10,-,0.25,15.10,8,15.25,1,0.00,
永記,79125,63,5951375,75.10,75.90,74.60,75.10,+,0.8,75.00,2,75.10,3,13.51,
中華化,225458,77,3786740,16.80,16.80,16.75,16.80,,0.0,16.75,31,16.85,1,15.41,
必翔,315471,161,10283659,32.70,32.85,32.40,32.55,-,0.05,32.50,1,32.55,5,0.00,
花仙子,185300,82,4769924,25.65,25.85,25.65,25.75,+,0.1,25.70,5,25.75,7,14.15,
美吾華,199570,114,3012250,15.10,15.20,15.05,15.10,+,0.05,15.10,12,15.15,11,38.72,
毛寶,62005,45,747110,12.15,12.15,12.00,12.10,-,0.05,12.05,2,12.10,6,0.00,
五鼎,432424,316,29457170,68.50,68.80,67.80,67.80,-,0.5,67.80,74,68.10,4,14.33,
杏輝,1072384,710,54801384,50.80,51.40,50.80,51.00,+,0.2,51.00,2,51.10,4,27.72,
日勝化,14189,11,178931,12.55,12.70,12.55,12.70,+,0.15,12.55,6,12.70,30,18.41,
喬山,240254,160,17719596,74.20,74.50,73.40,73.40,-,0.8,73.40,16,73.70,1,26.69,
臺鹽,431030,296,12268915,28.55,28.65,28.35,28.40,-,0.15,28.40,12,28.45,5,78.89,
中化生,200222,138,10378987,51.70,52.30,51.60,51.70,+,0.2,51.70,2,51.80,2,39.47,
勝一,240002,168,12350996,51.80,52.00,51.30,51.30,-,0.2,51.30,17,51.80,1,12.67,
和康生,764500,567,45048595,59.80,60.00,58.30,58.30,-,0.6,58.30,3,58.50,11,0.00,
科妍,161093,149,10914582,69.00,69.00,67.30,67.40,-,0.7,67.40,9,67.60,1,45.54,
神隆,1542528,"1,198",131339414,85.80,85.90,84.30,84.30,-,1.0,84.30,56,84.40,1,39.76,
台玻,807707,420,23045630,28.65,28.70,28.45,28.55,-,0.25,28.50,13,28.55,41,0.00,
寶徠,86229,29,1244233,14.35,14.55,14.35,14.45,+,0.1,14.45,7,14.50,7,0.00,
冠軍,1470465,425,18222643,12.20,12.55,12.20,12.30,+,0.1,12.30,98,12.35,8,42.41,
潤隆,225150,83,6941020,30.85,31.00,30.60,31.00,+,0.1,30.90,1,31.00,17,0.00,
中釉,1005835,363,18624769,18.40,18.65,18.40,18.40,,0.0,18.40,8,18.50,28,29.68,
和成,476500,200,5135649,10.80,10.90,10.70,10.70,,0.0,10.70,103,10.75,15,42.80,
凱撒衛,427020,257,16981638,38.95,40.50,38.95,39.40,+,0.45,39.40,2,39.50,7,16.08,
台紙,235671,103,3002929,12.75,12.80,12.70,12.75,,0.0,12.70,65,12.80,113,0.00,
士紙,106415,55,4951041,46.40,46.70,46.40,46.55,+,0.4,46.55,2,46.60,2,0.00,
正隆,224360,177,3131902,13.95,14.05,13.95,13.95,,0.0,13.95,156,14.00,58,12.35,
華紙,896115,212,8119902,9.09,9.10,9.05,9.06,-,0.03,9.06,5,9.08,19,0.00,
寶隆,316536,103,3388084,10.70,10.90,10.60,10.60,-,0.1,10.60,18,10.65,2,530.00,
永豐餘,1412805,611,20093124,14.25,14.30,14.15,14.15,-,0.1,14.15,77,14.25,119,42.88,
榮成,2641145,786,37669054,14.20,14.35,14.15,14.20,,0.0,14.20,217,14.25,31,10.68,
中鋼,17017781,"5,055",433089822,25.45,25.65,25.35,25.65,+,0.1,25.55,5,25.65,956,27.00,
中鋼特,2000,2,82250,41.10,41.15,41.10,41.15,X,0.0,41.10,2,41.20,4,0.00,
東和鋼鐵,1474360,768,36869850,24.95,25.10,24.95,25.00,+,0.05,25.00,7,25.05,2,12.89,
燁興,242421,83,1597973,6.60,6.65,6.52,6.54,-,0.06,6.54,1,6.55,5,0.00,
高興昌,875350,288,12724557,14.50,14.70,14.35,14.60,+,0.2,14.55,13,14.60,51,1.20,
第一銅,221016,111,2331062,10.70,10.70,10.45,10.45,-,0.25,10.45,9,10.55,2,34.83,
春源,221995,56,2502541,11.20,11.30,11.20,11.25,,0.0,11.25,107,11.30,52,18.75,
春雨,78521,39,913916,11.70,11.70,11.55,11.55,-,0.1,11.55,22,11.60,8,0.00,
中鋼構,141970,82,4792227,33.75,33.85,33.70,33.70,-,0.05,33.70,63,33.80,3,12.30,
中鴻,995987,324,7996019,8.03,8.09,8.01,8.01,-,0.02,8.01,141,8.02,2,0.00,
豐興,469964,403,23634701,50.60,50.60,50.20,50.20,-,0.4,50.20,117,50.30,3,21.18,
官田鋼,584450,178,3966484,6.81,6.81,6.72,6.72,-,0.08,6.72,8,6.78,3,0.00,
美亞,219527,51,2805640,12.80,12.85,12.70,12.80,-,0.05,12.80,32,12.90,8,17.53,
聚亨,506688,107,2782446,5.50,5.54,5.48,5.48,-,0.01,5.48,11,5.49,36,0.00,
燁輝,723694,263,6782891,9.36,9.41,9.34,9.39,+,0.03,9.38,33,9.39,9,39.13,
志聯,109406,44,768672,7.01,7.08,7.01,7.01,-,0.03,7.01,11,7.07,5,116.83,
千興,561611,123,2252704,4.03,4.03,4.00,4.01,-,0.02,4.01,20,4.02,12,0.00,
大成鋼,1101466,290,15670160,14.20,14.30,14.15,14.20,,0.0,14.20,74,14.25,1,47.33,
威致,182120,51,833139,4.60,4.63,4.55,4.57,-,0.02,4.56,1,4.58,20,0.00,
盛餘,144446,80,3279234,22.90,22.95,22.60,22.75,-,0.1,22.70,2,22.75,5,14.97,
彰源,182838,50,1751630,9.61,9.64,9.53,9.58,+,0.02,9.58,3,9.60,5,0.00,
新光鋼,256536,112,4813815,18.65,18.85,18.65,18.75,+,0.05,18.70,17,18.75,1,58.59,
新鋼,231809,77,2588749,11.25,11.25,11.10,11.15,-,0.05,11.15,2,11.20,20,44.60,
佳大,85000,30,859950,10.30,10.30,10.10,10.15,-,0.05,10.10,27,10.20,8,253.75,
允強,1795502,627,42945310,24.00,24.05,23.65,23.90,-,0.05,23.90,18,23.95,47,15.52,
海光,39010,15,360151,9.22,9.25,9.21,9.23,-,0.04,9.22,3,9.23,4,0.00,
上銀,2228161,"1,780",676781031,303.00,306.50,301.50,301.50,,0.0,301.50,27,302.00,2,47.86,
川湖,561342,468,214688092,378.00,388.00,378.00,378.00,,0.0,378.00,6,379.50,3,25.78,
橋椿,1383085,"1,047",117854884,83.70,85.80,83.60,85.30,+,1.6,85.00,3,85.30,7,15.37,
南港,1272762,650,46799457,36.70,37.00,36.65,36.70,-,0.2,36.65,36,36.70,1,203.89,
泰豐,1071044,381,25452144,23.80,23.90,23.65,23.80,,0.0,23.75,71,23.80,32,15.87,
台橡,1010681,759,43460069,43.20,43.65,42.65,42.70,-,1.0,42.70,2,42.80,3,17.79,
國際中橡,560748,335,15879042,28.35,28.50,28.15,28.15,-,0.2,28.15,59,28.20,5,17.93,
正新,5065829,"2,630",393897686,78.00,78.10,77.40,77.50,-,0.5,77.50,26,77.60,61,13.53,
建大,1311694,831,93166894,71.20,71.80,70.60,71.20,,0.0,71.20,8,71.30,48,16.29,
厚生,5542096,"2,177",171923421,30.60,31.50,30.60,30.75,+,0.15,30.75,76,30.80,1,8.05,
南帝,158665,76,3002580,19.20,19.20,18.85,18.90,-,0.2,18.85,12,18.90,7,20.77,
華豐,4558493,"1,371",108303099,24.50,24.50,23.50,23.50,-,1.05,23.50,27,23.55,76,73.44,
鑫永銓,227344,204,19282473,84.00,85.40,84.00,85.10,+,1.9,85.10,10,85.20,4,11.67,
六暉-KY,1025100,599,49709925,47.70,49.30,47.40,48.30,+,0.9,48.25,13,48.30,2,31.36,
裕隆,2080411,993,106345609,51.40,51.50,51.00,51.00,,0.0,51.00,73,51.10,4,26.56,
中華,642471,381,17547961,27.30,27.45,27.15,27.25,,0.0,27.20,9,27.25,1,20.04,
三陽工業,6219735,"2,569",345469441,57.00,57.00,54.50,55.20,-,2.0,55.10,94,55.20,123,0.00,
和泰車,111420,115,41065800,367.00,372.00,367.00,368.00,-,2.0,367.50,6,368.00,6,27.48,
台船,857769,323,16258077,19.05,19.10,18.80,18.90,-,0.15,18.90,30,18.95,8,27.39,
裕日車,215100,202,87106249,408.00,408.50,401.00,401.00,-,2.5,401.00,8,403.50,1,19.78,
劍麟,1381397,949,153754670,111.50,113.00,109.50,109.50,-,1.0,109.50,25,110.00,16,22.81,
為升,1090643,880,267288107,238.50,249.00,236.00,248.50,+,15.5,248.00,1,248.50,24,41.84,
光寶科,4171531,"2,617",181445937,43.85,43.85,43.40,43.50,+,0.15,43.50,14,43.55,8,11.69,
麗正,731815,258,4832633,6.63,6.73,6.55,6.58,-,0.05,6.57,1,6.58,33,0.00,
聯電,184285988,"23,134",2414647194,12.95,13.20,12.95,13.05,+,0.15,13.05,"2,118",13.10,791,12.55,
全友,3312206,766,16150986,5.00,5.03,4.71,4.85,-,0.15,4.84,30,4.85,40,0.00,
台達電,15652570,"6,879",2892226520,180.00,187.00,180.00,187.00,+,12.0,186.50,3,187.00,889,25.65,
日月光,44621803,"8,704",1438979922,32.00,32.40,31.75,32.25,+,0.45,32.25,743,32.30,351,16.54,
金寶,3863760,784,45533334,11.60,11.85,11.60,11.75,+,0.05,11.75,134,11.80,110,0.00,
華通,6946071,"1,863",113754557,16.45,16.50,16.30,16.30,-,0.05,16.30,205,16.35,20,12.54,
台揚,1309563,541,24150467,18.30,18.65,18.30,18.45,+,0.2,18.45,6,18.50,42,0.00,
楠梓電,1596661,563,24846089,15.45,15.70,15.45,15.60,+,0.15,15.55,8,15.60,14,16.25,
鴻海,81472543,"30,394",7020006941,85.00,86.80,85.00,86.10,+,1.4,86.10,167,86.20,280,11.18,
東訊,45991,23,142450,3.00,3.11,3.00,3.10,,0.0,3.02,6,3.10,2,0.00,
中環,10328089,"1,633",51738185,5.02,5.05,4.99,4.99,-,0.01,4.99,268,5.00,35,0.00,
仁寶,16807236,"4,087",334818920,19.90,20.05,19.80,20.00,+,0.2,19.95,5,20.00,815,62.50,
矽品,28506057,"9,267",1180367656,40.10,41.90,40.10,41.85,+,1.95,41.80,18,41.85,257,25.06,
國巨,11230201,"3,016",151193152,13.80,13.90,13.20,13.35,-,0.45,13.35,425,13.40,121,19.07,
廣宇,2246937,"1,084",51828922,22.70,23.30,22.70,23.05,+,0.45,23.05,1,23.10,27,35.46,
華泰,4886797,832,39794816,8.20,8.22,8.05,8.12,-,0.04,8.12,99,8.13,25,0.00,
台積電,59080824,"16,969",6890677534,116.50,117.50,115.50,116.50,+,3.5,116.50,24,117.00,"4,848",16.05,
精英,14706907,"3,560",274455171,18.15,19.00,18.15,18.75,+,0.7,18.70,107,18.75,158,12.10,
友訊,2750532,983,58072627,21.10,21.30,20.95,20.95,-,0.15,20.90,284,21.00,35,19.76,
旺宏,7367183,"2,086",48354445,6.53,6.61,6.53,6.54,+,0.01,6.54,49,6.55,28,0.00,
光罩,950338,219,9540138,10.10,10.15,10.00,10.00,-,0.05,10.00,33,10.05,2,166.67,
光磊,23691617,"5,597",403802296,16.70,17.25,16.65,17.25,+,0.65,17.20,198,17.25,191,24.64,
茂矽,1775981,642,11967512,6.66,6.79,6.66,6.70,+,0.09,6.70,13,6.71,15,0.00,
華邦電,12064148,"2,177",99538106,8.24,8.33,8.19,8.20,-,0.03,8.20,153,8.21,4,0.00,
智邦,1610965,664,27715955,17.20,17.35,17.10,17.10,-,0.1,17.10,248,17.20,43,15.00,
聯強,3827951,"1,777",194826806,50.80,51.60,50.60,50.80,,0.0,50.80,4,50.90,12,15.16,
海悅,6345,10,366165,57.50,58.00,57.50,58.00,X,0.0,54.00,2,58.00,4,33.72,
錸德,5727724,"1,262",29012642,5.05,5.10,5.04,5.04,-,0.01,5.04,426,5.05,13,0.00,
順德,370023,196,17627239,47.50,47.95,47.35,47.55,+,0.05,47.55,11,47.65,10,22.32,
佳世達,13302490,"2,765",138125112,10.50,10.55,10.30,10.30,-,0.2,10.30,25,10.35,35,0.00,
宏碁,20738315,"4,766",378738923,18.05,18.40,18.00,18.25,+,0.25,18.25,62,18.30,669,0.00,
鴻準,11891947,"6,138",861455837,71.10,73.20,71.10,72.20,+,1.3,72.20,63,72.30,33,12.38,
敬鵬,3540095,"1,710",202003666,57.40,57.50,56.80,56.90,-,0.6,56.90,14,57.00,1,13.95,
英業達,15691978,"5,348",473028204,30.50,30.70,29.80,29.80,-,0.7,29.80,50,29.85,31,18.06,
華碩,3364835,"2,061",979351377,293.00,294.00,288.50,288.50,-,0.5,288.50,28,289.00,7,9.90,
廷鑫,489883,201,5614265,11.35,11.70,11.15,11.45,+,0.3,11.40,49,11.50,34,0.00,
所羅門,4596198,"1,595",88592381,18.85,19.85,18.50,19.45,+,0.6,19.40,28,19.45,9,0.00,
致茂,4944452,"2,176",357076068,72.00,73.30,71.00,72.00,-,1.1,71.90,34,72.00,"1,112",24.41,
鴻友,94023,38,190952,2.03,2.09,2.02,2.04,+,0.02,2.04,5,2.06,3,0.00,
藍天,802347,518,45710506,56.50,57.30,56.40,57.10,+,0.6,57.00,2,57.10,10,12.49,
矽統,4300665,"1,206",40069954,9.20,9.40,9.18,9.21,+,0.07,9.21,11,9.25,39,0.00,
倫飛,2625934,673,16162980,6.26,6.26,6.10,6.13,+,0.03,6.13,2,6.15,37,0.00,
昆盈,2508993,904,37490627,14.90,15.15,14.80,14.85,-,0.05,14.85,55,14.90,10,74.25,
燿華,3789184,"1,065",47775546,12.60,12.70,12.55,12.60,+,0.05,12.55,203,12.60,6,0.00,
金像電,3151493,702,25944004,8.35,8.35,8.16,8.18,-,0.07,8.18,8,8.23,28,0.00,
菱生,5965731,"2,526",130092076,22.15,22.25,21.55,21.75,-,0.05,21.70,91,21.75,45,23.90,
大同,8746435,"2,291",84558832,9.75,9.76,9.60,9.60,-,0.15,9.60,163,9.61,21,0.00,
震旦行,450700,249,26027228,58.00,58.70,57.30,58.10,+,0.1,58.10,15,58.20,11,14.75,
佳能,631167,327,12208698,19.25,19.45,19.25,19.30,+,0.05,19.25,134,19.30,8,13.99,
智寶,1347168,444,18789090,14.15,14.30,13.80,13.80,-,0.25,13.80,70,13.85,18,13.40,
技嘉,3636904,"1,757",154840221,42.80,43.30,41.95,42.60,-,0.2,42.60,6,42.70,2,12.35,
微星,3638310,"1,702",105854622,29.40,29.40,28.80,29.00,-,0.2,29.00,28,29.10,5,16.76,
瑞昱,4226796,"2,628",391488548,93.60,94.00,91.70,92.00,-,1.0,92.00,75,92.10,13,16.49,
虹光,1588081,454,17159711,11.00,11.00,10.70,10.70,-,0.15,10.70,11,10.80,15,0.00,
廣達,20188732,"8,150",1635122939,79.10,82.50,78.70,82.50,+,4.3,82.30,2,82.50,380,17.05,
台光電,1366611,584,37109797,27.00,27.25,27.00,27.15,+,0.05,27.15,11,27.20,8,9.53,
勝華,40040176,"7,972",424941112,10.50,10.70,10.50,10.65,+,0.25,10.60,178,10.65,737,0.00,
群光,1793510,"1,022",138303953,77.60,77.90,76.70,76.70,-,0.7,76.70,86,76.90,17,12.37,
精元,1749997,373,24454058,13.90,14.25,13.90,13.95,,0.0,13.90,130,14.00,2,51.67,
威盛,1293683,604,32701425,25.35,25.50,25.00,25.15,+,0.1,25.15,14,25.25,3,0.00,
云辰,4909101,"1,288",113781747,22.55,23.30,22.45,23.30,+,1.5,23.30,"4,653",--,0,46.60,
正崴,2824459,"1,709",188797351,67.20,67.20,66.30,66.50,-,0.2,66.50,15,66.60,56,12.34,
億光,3316350,"2,047",266902425,80.60,81.40,79.80,79.80,+,0.3,79.80,20,80.00,3,30.57,
研華,782230,691,149973541,192.00,193.00,189.50,191.50,+,0.5,191.50,4,192.00,9,27.75,
友通,3661918,"1,665",157571664,41.60,44.05,41.50,43.60,+,2.3,43.60,5,43.65,12,19.73,
映泰,405445,149,5378539,13.25,13.40,13.15,13.25,,0.0,13.20,3,13.25,47,25.98,
凌陽,3925662,"1,062",49366559,12.65,12.70,12.50,12.55,,0.0,12.55,80,12.60,193,0.00,
毅嘉,29814108,"9,614",718098742,23.90,24.60,23.30,23.75,+,0.15,23.75,72,23.80,51,25.27,
漢唐,1381487,796,52696806,38.05,38.35,38.05,38.05,+,0.25,38.05,18,38.10,9,8.55,
浩鑫,6013366,"1,564",76009888,12.85,12.90,12.55,12.60,-,0.25,12.55,322,12.60,69,10.96,
國碩,9670334,"3,955",439507922,46.00,46.10,44.75,44.75,-,0.75,44.75,52,44.80,1,0.00,
南亞科,7573585,543,30928469,4.15,4.20,3.86,4.00,-,0.15,3.99,10,4.00,"2,617",0.00,
友達,61375102,"10,237",616734406,10.05,10.20,9.96,9.96,,0.0,9.96,"1,060",9.98,6,0.00,
中華電,8218706,"3,042",763574758,92.80,93.20,92.50,93.20,+,0.2,92.90,8,93.20,153,18.35,
環科,1449580,569,22802444,15.60,15.95,15.60,15.80,+,0.25,15.80,3,15.85,17,121.54,
精技,336407,161,5071705,15.00,15.15,15.00,15.10,+,0.1,15.05,22,15.10,10,14.38,
錩新,640001,200,10853616,17.05,17.20,16.80,16.90,-,0.15,16.90,12,16.95,6,8.37,
圓剛,594573,152,8017575,13.50,13.55,13.45,13.50,+,0.05,13.45,27,13.50,2,0.00,
仲琦,6057380,"2,409",132197024,21.50,22.20,21.50,21.50,+,0.1,21.50,277,21.55,1,21.94,
新巨,1509467,764,68569640,45.40,45.90,44.30,45.80,+,0.8,45.80,7,45.85,39,17.48,
建準,1226115,490,27119280,22.25,22.30,21.85,22.15,-,0.1,21.95,9,22.15,4,26.06,
固緯,3926682,"1,649",86529704,21.10,22.35,21.05,22.10,+,1.2,22.05,8,22.10,16,25.40,
隴華,24000,21,1014650,42.80,43.70,41.60,43.70,+,0.2,42.70,1,43.00,2,50.23,
承啟,161046,113,7049139,44.00,44.00,43.60,43.60,-,0.2,43.60,4,43.75,4,13.42,
鼎元,13089037,"3,617",142629907,11.00,11.10,10.60,10.80,+,0.4,10.75,40,10.80,24,0.00,
三商電,1324357,357,12421539,9.35,9.45,9.28,9.28,-,0.05,9.28,14,9.33,1,0.00,
興勤,439549,233,18784422,42.60,42.95,42.40,42.40,+,0.15,42.40,2,42.50,5,12.08,
銘旺科,0,0,0,--,--,--,--,,0.0,19.25,1,20.10,2,0.00,
燦坤,98323,76,4085201,41.60,41.80,41.25,41.50,+,0.05,41.45,1,41.50,7,12.43,
聯昌,2157455,"1,000",52613293,24.20,24.65,24.20,24.50,+,0.5,24.45,27,24.50,26,306.25,
互盛電,570569,313,29458688,51.20,52.10,51.10,52.00,+,0.8,52.00,12,52.10,22,9.35,
統懋,183000,64,1326860,7.22,7.34,7.18,7.21,,0.0,7.21,9,7.26,22,0.00,
偉詮電,3678917,"1,736",125381712,34.00,34.40,33.70,33.90,+,0.3,33.90,5,34.00,48,113.00,
旺詮,376523,239,21611767,57.00,58.00,56.80,57.60,+,0.6,57.60,25,57.80,4,13.52,
翔耀,118806,48,594817,4.95,5.10,4.95,5.00,+,0.1,4.62,5,5.00,1,0.00,
美律,3706818,"2,562",704285556,185.00,193.00,183.00,192.00,+,8.0,191.50,9,192.00,3,42.95,
太空梭,153405,70,1644892,10.80,10.80,10.65,10.65,-,0.15,10.65,54,10.75,1,0.00,
超豐,1736395,900,54109195,31.20,31.30,31.00,31.20,+,0.3,31.20,44,31.25,38,12.68,
新美齊,366107,111,3446258,9.42,9.45,9.40,9.41,+,0.02,9.41,12,9.42,8,12.72,
新利虹,381978,91,3551666,9.40,9.40,9.26,9.27,,0.0,9.27,5,9.28,3,0.00,
兆勁,5640304,"1,314",68362403,11.50,12.30,11.35,12.30,+,0.8,12.30,106,--,0,0.00,
晶電,6396932,"3,139",499158919,78.50,78.60,77.50,77.50,-,0.5,77.50,157,77.70,203,0.00,
京元電子,23988519,"8,325",620309740,25.30,26.25,25.15,26.25,+,1.15,26.20,23,26.25,213,16.94,
神腦,297119,195,25551581,86.10,86.50,85.80,85.80,-,0.3,85.80,15,85.90,4,14.44,
創見,394856,272,35830210,90.50,91.00,90.00,90.70,+,0.2,90.70,8,90.90,2,12.72,
凌群,3572249,"1,019",67667754,18.50,19.15,18.50,19.00,+,0.5,18.90,7,19.00,328,19.59,
聯發科,9227515,"5,825",4203349280,456.00,461.50,451.00,452.00,-,4.0,452.00,36,452.50,4,25.49,
全新,1141576,553,33516555,29.25,29.50,29.25,29.45,+,0.25,29.40,40,29.45,3,15.58,
奇力新,5534424,"2,321",178391143,32.20,32.90,31.45,31.45,-,0.15,31.45,23,31.60,15,16.47,
飛宏,1548165,631,33139432,21.40,21.70,21.20,21.20,-,0.15,21.20,29,21.35,1,25.24,
義隆,10907308,"4,806",600457740,54.60,55.50,54.60,55.00,+,0.9,54.90,34,55.00,64,14.91,
敦吉,282943,197,8454286,29.70,30.00,29.70,29.75,-,0.2,29.75,9,29.80,8,9.82,
建通,167346,117,2312212,13.70,14.00,13.50,13.70,,0.0,13.70,4,13.80,4,0.00,
光群雷,4640565,"1,364",87281521,18.50,19.00,18.50,19.00,+,0.6,18.95,18,19.00,129,13.87,
良得電,720109,338,23081888,32.05,32.25,31.95,32.00,+,0.05,32.00,24,32.05,1,15.92,
盟立,1935577,836,61773750,31.80,32.45,31.60,31.65,-,0.45,31.65,38,31.70,3,15.98,
麗臺,2040493,828,30891545,14.70,15.50,14.50,15.35,+,0.85,15.35,58,15.40,17,0.00,
冠西電,106111,62,4018623,37.80,38.00,37.70,37.90,+,0.1,37.70,4,37.90,7,0.00,
志聖,859249,330,20526795,23.95,24.20,23.70,23.85,+,0.05,23.80,6,23.85,6,12.55,
華經,2241520,698,32617891,14.60,14.60,14.20,14.60,+,0.95,14.60,"1,046",--,0,56.15,
資通,887665,450,16977541,19.00,19.35,18.90,18.95,+,0.1,18.95,14,19.05,37,19.14,
立隆電,5497830,"2,316",175520890,30.90,32.55,30.90,31.50,+,0.6,31.50,67,31.55,5,17.03,
可成,5751177,"3,270",1265597940,222.00,222.50,218.00,220.00,,0.0,220.00,107,220.50,63,11.97,
華映,5752436,318,10415496,1.82,1.82,1.80,1.81,-,0.01,1.80,486,1.81,47,0.00,
鉅祥,973285,461,22096860,22.80,23.00,22.50,22.60,-,0.2,22.60,2,22.70,2,16.03,
美隆電,1637588,710,34703833,21.50,21.65,21.00,21.00,-,0.45,21.00,38,21.05,4,4.23,
大毅,385940,181,6981317,18.20,18.30,17.95,18.00,-,0.15,18.00,6,18.10,28,52.94,
敦陽科,579774,382,18489678,31.95,32.25,31.65,31.85,-,0.05,31.85,5,31.90,4,14.28,
強茂,3936423,"1,117",62281411,15.95,16.10,15.65,15.70,-,0.1,15.70,2,15.75,6,0.00,
連宇,193001,100,3059165,15.65,16.05,15.55,15.85,+,0.25,15.80,20,15.85,1,144.09,
百容,2545294,"1,121",64616750,25.50,26.00,24.70,24.95,-,0.3,24.95,15,25.00,16,42.29,
希華,7446334,"2,256",154332616,20.80,21.10,20.35,20.65,-,0.15,20.60,3,20.65,30,114.72,
兆赫,1709734,838,65656685,38.70,38.90,38.10,38.30,-,0.2,38.25,16,38.30,16,19.95,
一詮,4750311,"1,793",105502331,22.40,22.55,21.80,21.80,,0.0,21.75,13,21.80,112,46.38,
漢平,4753940,"1,865",165140856,33.30,35.50,33.30,34.95,+,1.75,34.90,14,34.95,29,13.76,
瑞軒,2602680,"1,037",48945425,18.75,18.90,18.60,18.80,+,0.2,18.80,149,18.85,33,11.46,
吉祥全,140482,52,700585,4.84,5.00,4.84,4.99,+,0.16,4.85,2,4.99,4,0.00,
華新科,2628937,520,23368439,8.89,8.95,8.82,8.83,-,0.06,8.83,16,8.84,5,0.00,
揚博,614392,243,15631153,25.20,25.55,25.20,25.55,+,0.35,25.55,2,25.60,39,10.78,
普安,1625478,595,32514511,19.80,20.20,19.75,19.85,+,0.15,19.85,20,19.90,1,132.33,
卓越,8001,5,56187,7.18,7.18,7.00,7.00,-,0.19,7.00,2,--,0,46.67,
怡利電,1143415,856,86902795,75.90,77.10,75.30,75.90,,0.0,75.90,11,76.00,1,33.14,
宏達電,15526409,"9,022",2332101032,151.00,151.50,148.00,148.00,-,0.5,148.00,178,148.50,41,0.00,
東貝,4110311,"1,881",161623942,39.85,39.90,39.00,39.20,-,0.3,39.20,275,39.30,8,76.86,
國建,741506,272,13143775,17.70,17.90,17.65,17.70,,0.0,17.70,4,17.75,25,15.26,
國產,1065383,404,12896496,12.15,12.20,12.05,12.10,-,0.05,12.05,428,12.10,20,36.67,
國揚,4070254,"1,053",65729984,16.55,16.60,15.90,16.25,-,0.4,16.20,104,16.25,15,4.84,
太設,213756,83,1997770,9.35,9.36,9.33,9.34,-,0.01,9.34,18,9.36,7,18.68,
全坤建,160011,77,4249593,26.65,26.70,26.40,26.70,+,0.05,26.65,4,26.70,6,9.64,
太子,5113684,"2,202",76425110,15.10,15.10,14.85,14.90,-,0.2,14.90,56,14.95,183,31.04,
龍邦,615612,335,11528018,18.40,18.85,18.40,18.65,-,0.15,18.65,97,18.85,21,13.04,
中工,4746691,"1,070",38975955,8.27,8.28,8.18,8.19,-,0.09,8.19,170,8.20,106,63.00,
新建,138623,62,1065573,7.68,7.69,7.67,7.68,,0.0,7.67,26,7.68,1,0.00,
冠德,1168400,620,38966210,33.60,33.60,33.20,33.25,+,0.25,33.25,89,33.35,12,21.18,
京城,121308,87,3316755,27.45,27.45,27.25,27.30,,0.0,27.30,5,27.40,36,5.02,
宏璟,307031,97,5407640,17.60,17.80,17.45,17.50,+,0.05,17.50,12,17.60,1,0.00,
皇普,213252,66,3214080,15.20,15.20,15.05,15.10,-,0.55,15.05,13,15.10,49,0.00,
華建,467562,143,6356532,13.60,13.70,13.50,13.60,+,0.05,13.60,80,13.65,13,340.00,
宏盛,734749,264,16815006,22.90,23.05,22.80,22.90,,0.0,22.90,11,22.95,41,0.00,
達欣工,499541,266,14029815,28.10,28.20,28.00,28.05,-,0.05,28.00,191,28.05,37,7.16,
宏普,284887,196,8197322,28.65,28.85,28.65,28.75,+,0.1,28.75,61,28.80,48,130.68,
聯上發,189070,63,2774679,14.70,14.80,14.65,14.65,-,0.15,14.65,8,14.70,19,4.76,
基泰,1203038,312,23497589,19.50,19.65,19.45,19.55,+,0.15,19.55,44,19.60,5,8.01,
櫻花建,7062,9,254350,36.45,36.45,35.90,35.90,-,0.4,35.90,2,36.35,1,28.27,
愛山林,2078,4,116290,56.00,56.00,56.00,56.00,X,0.0,55.50,2,--,0,0.00,
興富發,710475,400,44549636,62.60,63.10,62.40,62.60,-,0.2,62.50,12,62.60,3,4.70,
皇昌,174261,63,1329153,7.62,7.67,7.60,7.67,-,0.01,7.61,25,7.68,1,21.91,
皇翔,388697,223,19510926,50.00,50.50,50.00,50.10,,0.0,50.10,71,50.30,4,7.55,
根基,232366,102,4152847,17.75,18.00,17.75,18.00,+,0.25,17.95,23,18.00,75,10.06,
日勝生,2143935,799,50422850,23.60,23.65,23.45,23.45,-,0.05,23.45,172,23.50,5,2.19,
華固,2572866,"1,247",190256740,74.00,74.30,73.30,73.90,+,0.8,73.90,27,74.00,386,4.71,
潤弘,96245,72,5784221,60.00,60.50,60.00,60.20,+,0.2,60.20,7,60.40,4,8.93,
益航,819239,453,14501419,17.60,17.85,17.60,17.70,+,0.1,17.65,46,17.70,4,0.00,
長榮,3395577,765,59075322,17.50,17.55,17.30,17.50,,0.0,17.45,14,17.50,43,0.00,
新興,760943,270,21342951,28.20,28.35,27.90,27.95,+,0.05,27.90,48,27.95,26,14.12,
裕民,1624065,"1,061",83002015,51.10,51.50,50.70,51.30,+,0.3,51.20,2,51.30,10,39.46,
榮運,1188484,365,24834737,20.85,21.00,20.85,20.85,,0.0,20.85,180,20.95,22,43.44,
嘉里大榮,235408,148,9916371,41.95,42.60,41.70,42.40,+,0.45,42.40,5,42.50,3,23.43,
陽明,3055053,773,38336500,12.60,12.65,12.50,12.55,-,0.05,12.55,63,12.60,571,0.00,
華航,4021565,849,41219833,10.25,10.30,10.20,10.25,,0.0,10.25,77,10.30,"2,992",0.00,
志信,75585,55,818027,10.75,10.90,10.75,10.80,+,0.05,10.80,1,10.85,2,0.00,
中航,297730,195,11755672,39.50,39.70,39.35,39.45,+,0.1,39.45,3,39.50,31,19.53,
中櫃,298009,180,6318539,21.30,21.50,21.10,21.10,-,0.15,21.10,26,21.20,31,21.10,
東森,8830406,"2,036",138748263,15.70,15.90,15.60,15.65,,0.0,15.60,340,15.65,6,0.00,
萬海,584435,387,8357622,14.40,14.40,14.25,14.25,-,0.15,14.25,46,14.30,14,25.00,
山隆,15204,55,391254,25.70,25.80,25.70,25.80,+,0.1,25.80,1,25.90,2,12.52,
台航,301349,164,7179570,23.80,24.00,23.70,23.75,+,0.1,23.75,23,23.80,10,16.96,
長榮航,3073014,726,48083736,15.70,15.75,15.55,15.65,-,0.05,15.60,78,15.65,135,97.81,
慧洋-KY,910351,348,32536045,35.70,35.85,35.55,35.75,+,0.1,35.60,1,35.75,43,9.31,
宅配通,363607,296,22213673,60.20,61.80,60.20,60.80,+,0.6,60.80,1,61.00,6,20.89,
萬企,56529,28,847223,15.00,15.00,14.95,14.95,-,0.05,14.95,9,15.05,8,23.36,
華園,47218,24,866438,18.40,18.40,18.30,18.40,+,0.05,18.35,5,18.40,1,35.38,
國賓,624557,345,17632287,28.20,28.60,28.10,28.20,-,0.05,28.15,13,28.20,76,29.68,
六福,914582,233,10950558,11.90,12.05,11.90,11.90,,0.0,11.85,126,11.90,2,0.00,
第一店,57935,41,1133632,19.55,19.65,19.55,19.60,-,0.05,19.50,54,19.60,10,21.78,
晶華,223157,243,77417822,343.00,350.00,342.50,348.00,+,4.0,346.00,52,348.00,1,35.22,
遠雄來,563107,290,13419224,23.10,24.50,23.10,23.60,+,0.55,23.55,3,23.60,7,36.88,
夏都,6335,10,256149,40.30,40.55,40.30,40.45,+,0.25,40.30,2,40.50,1,24.22,
美食-KY,581100,475,136461800,238.00,238.00,231.00,235.00,-,4.0,235.00,53,236.00,4,51.09,
王品,236410,241,105974000,447.00,451.00,446.00,448.00,+,2.0,448.00,14,448.50,7,32.84,
雄獅,199200,163,23599900,117.50,119.50,117.00,118.00,+,1.0,118.00,5,119.00,14,34.01,
彰銀,4080937,"1,656",72089798,17.70,17.75,17.60,17.60,-,0.1,17.60,628,17.65,38,17.09,
京城銀,2602973,905,75974917,29.20,29.35,29.00,29.10,-,0.05,29.10,68,29.15,49,8.43,
台中銀,10644363,"1,187",111846248,10.55,10.55,10.45,10.55,+,0.05,10.50,787,10.55,60,8.18,
旺旺保,424450,199,8899382,21.20,21.20,20.80,20.90,-,0.1,20.90,39,21.00,5,8.04,
華票,1020531,326,12000433,11.75,11.80,11.70,11.75,,0.0,11.75,285,11.80,542,11.75,
中壽,22925198,"7,456",646537381,28.25,28.65,28.00,28.05,-,0.15,28.05,35,28.10,8,13.49,
台產,105710,79,2540259,23.95,24.10,23.95,24.05,+,0.1,24.05,18,24.10,131,12.21,
台壽保,1113566,352,29833736,26.75,26.90,26.70,26.70,-,0.05,26.70,322,26.75,3,12.65,
台壽甲,2790,3,102951,36.90,36.90,36.90,36.90,X,0.0,36.90,3,37.00,1,0.00,
臺企銀,4321774,883,38978330,9.05,9.05,9.00,9.00,-,0.03,9.00,720,9.02,24,15.25,
高雄銀,198512,89,1911141,9.64,9.65,9.62,9.63,-,0.01,9.62,37,9.63,10,18.17,
萬泰銀,374169,121,5553792,14.85,14.90,14.80,14.90,+,0.05,14.85,150,14.90,137,9.55,
聯邦銀,656189,289,7041213,10.75,10.80,10.70,10.75,+,0.05,10.70,142,10.75,2,9.35,
台開,1069577,286,11973856,11.30,11.30,11.10,11.10,-,0.1,11.10,365,11.20,6,8.22,
遠東銀,3538379,626,39422931,11.10,11.20,11.10,11.20,+,0.1,11.15,150,11.20,"4,355",8.68,
大眾銀,1691041,530,17272038,10.10,10.30,10.10,10.20,+,0.1,10.15,278,10.20,9,9.53,
安泰銀,92220,55,1261386,13.70,13.80,13.60,13.70,,0.0,13.70,2,13.75,34,8.73,
新產,111626,71,2741886,24.50,24.70,24.50,24.60,+,0.1,24.55,27,24.60,11,8.79,
中再保,78313,46,1143151,14.50,14.65,14.50,14.60,,0.0,14.55,59,14.65,52,10.50,
第一保,178899,71,3480688,19.50,19.50,19.40,19.50,,0.0,19.40,39,19.50,34,8.19,
統一證,904401,385,15815876,17.50,17.60,17.35,17.40,-,0.05,17.40,35,17.50,2,20.71,
元富證,1833867,513,18991777,10.25,10.45,10.25,10.30,+,0.1,10.30,123,10.35,19,18.73,
三商壽,775769,330,14731861,18.75,19.30,18.70,19.00,+,0.2,19.00,3,19.05,19,14.96,
華南金,3702462,"1,028",64046211,17.30,17.40,17.20,17.20,-,0.1,17.20,454,17.25,38,17.20,
富邦金,27172063,"7,300",1131855029,41.50,42.20,41.40,41.50,,0.0,41.50,"1,682",41.55,57,12.85,
國泰金,26904939,"8,261",1210542205,44.40,45.60,44.20,45.00,+,0.6,45.00,578,45.05,196,16.13,
開發金,18771717,"4,069",164636174,8.73,8.83,8.69,8.75,+,0.02,8.75,180,8.76,8,18.62,
玉山金,7732273,"2,315",143577040,18.40,18.70,18.40,18.60,+,0.1,18.55,"1,144",18.60,278,12.92,
元大金,31623029,"5,371",485262370,15.30,15.55,15.20,15.30,+,0.05,15.25,548,15.30,166,21.55,
兆豐金,45809224,"9,744",1076689591,23.60,23.80,23.35,23.35,-,0.25,23.35,339,23.40,111,12.16,
台新金,24110629,"4,988",336261021,13.95,14.05,13.90,13.90,-,0.1,13.90,55,13.95,360,8.74,
新光金,33043857,"4,856",318015083,9.57,9.72,9.55,9.62,+,0.05,9.61,27,9.62,179,8.59,
國票金,1111049,344,10739099,9.70,9.71,9.64,9.66,-,0.04,9.66,6,9.68,10,24.77,
永豐金,15800933,"3,148",228858477,14.45,14.55,14.40,14.40,-,0.05,14.40,361,14.45,399,11.34,
中信金,33418266,"5,954",645329424,19.35,19.50,19.25,19.25,-,0.2,19.25,101,19.30,228,13.18,
第一金,9676410,"2,365",174750052,18.10,18.15,17.95,18.00,-,0.1,18.00,700,18.05,193,15.00,
欣欣,76001,34,2786286,37.00,37.00,36.50,36.90,-,0.3,36.55,10,36.85,1,75.31,
遠百,1655651,797,44791927,27.10,27.15,27.00,27.00,-,0.05,27.00,370,27.05,7,17.42,
匯僑,230065,94,6222173,27.00,27.30,26.85,26.85,-,0.05,26.85,4,26.90,7,11.38,
三商,275781,176,5477419,19.70,19.95,19.70,19.75,,0.0,19.75,40,19.80,3,0.00,
高林,676924,94,7345022,10.80,10.95,10.80,10.90,+,0.05,10.85,52,10.90,22,45.42,
特力,903307,471,19952854,22.30,22.30,22.00,22.00,-,0.45,22.00,146,22.10,1,17.74,
統領,4000,4,126100,31.75,31.75,31.30,31.30,+,0.2,31.25,1,31.75,1,46.03,
麗嬰房,711405,320,16117418,22.75,22.80,22.50,22.50,-,0.15,22.50,190,22.55,2,0.00,
統一超,2111918,"1,545",418557764,197.50,199.00,195.50,199.00,+,1.5,198.00,197,199.00,23,26.68,
農林,3623480,"1,410",93000299,26.00,26.05,25.50,25.50,-,0.4,25.50,110,25.55,39,13.56,
潤泰全,3735563,"1,842",254805596,68.50,68.60,67.90,68.60,+,0.1,68.50,137,68.60,78,9.53,
鼎固-KY,126506,46,2723778,21.90,21.90,21.40,21.70,+,0.35,21.45,21,21.70,19,31.00,
淘帝-KY,212250,191,40413624,188.50,192.50,188.50,189.50,+,1.0,189.50,9,190.00,2,23.08,
歐格,1957244,767,32999461,16.70,17.25,16.40,16.65,+,0.15,16.65,13,16.75,33,32.02,
健和興,2872778,"1,418",136134734,46.60,48.00,46.50,47.55,+,1.3,47.50,21,47.55,25,25.43,
豐達科,217583,111,9261572,42.00,42.95,42.00,42.40,-,0.2,42.40,3,42.85,25,13.59,
神基,21811422,"5,618",377425694,17.15,17.50,16.90,17.25,+,0.2,17.25,451,17.30,99,28.75,
晶豪科,16257535,"6,660",677710535,41.80,42.30,41.00,41.00,+,0.1,41.00,120,41.10,8,25.95,
大立光,646179,571,906390600,"1,415.00","1,415.00","1,390.00","1,400.00",+,5.0,"1,395.00",13,"1,400.00",4,20.69,
華立,1474358,751,82613648,55.70,56.50,55.50,56.20,+,0.4,56.10,3,56.20,1,12.01,
今皓,1184776,488,15591413,13.35,13.35,13.05,13.15,,0.0,13.15,47,13.20,3,0.00,
晟銘電,4582309,"1,855",177492351,38.50,39.60,37.50,39.20,+,0.7,39.20,12,39.25,70,47.80,
聯陽,5340495,"2,361",180017437,33.75,34.35,32.80,33.00,-,0.1,33.00,5,33.05,18,25.58,
全漢,1117922,403,34754417,31.20,31.45,30.75,31.20,+,0.1,31.20,24,31.30,3,15.22,
嘉晶,788665,397,14251099,18.05,18.25,17.95,18.00,,0.0,17.95,25,18.00,2,0.00,
奇鋐,4998109,"1,717",116823082,23.80,23.80,23.15,23.50,-,0.1,23.40,6,23.50,12,42.73,
同開,995371,414,17379705,17.50,17.75,17.25,17.25,,0.0,17.25,16,17.50,3,0.00,
亞光,1918407,"1,068",66360445,34.15,34.80,34.15,34.40,+,0.3,34.40,7,34.50,2,52.92,
鴻名,272000,104,3631450,13.40,13.50,13.25,13.25,-,0.1,13.20,10,13.25,5,22.08,
威強電,6871235,"3,210",454881248,66.00,67.10,65.50,66.00,+,0.7,65.90,5,66.00,36,19.53,
信邦,2235188,"1,318",94775914,42.65,42.70,42.15,42.15,+,0.05,42.15,35,42.20,2,14.89,
憶聲,3601096,863,26663904,7.50,7.50,7.16,7.18,-,0.09,7.18,2,7.19,5,0.00,
星通,964005,384,13194315,13.70,13.85,13.50,13.50,-,0.15,13.50,52,13.60,13,19.85,
禾伸堂,530688,292,22277681,42.00,42.20,41.75,41.85,-,0.05,41.85,3,41.90,1,13.46,
盛達,2363720,587,51268307,21.60,22.00,21.40,21.55,+,0.05,21.55,19,21.60,65,113.42,
增你強,638200,245,11814950,18.50,18.65,18.40,18.45,,0.0,18.45,82,18.50,1,10.98,
零壹,6337799,"2,407",130398679,19.90,21.10,19.90,20.60,+,0.85,20.60,44,20.65,3,37.45,
德律,727961,487,36646296,50.30,50.70,49.95,49.95,+,0.05,49.95,12,50.00,2,14.65,
佰鴻,727187,335,13287231,18.50,18.50,18.15,18.15,,0.0,18.15,30,18.20,3,0.00,
偉訓,968272,376,17355540,17.70,18.30,17.70,17.85,-,0.4,17.85,12,17.90,1,39.67,
威健,1881753,720,46776176,24.70,24.95,24.70,24.75,+,0.15,24.75,70,24.80,30,13.60,
聯詠,7446086,"3,339",1032169954,139.00,140.50,137.50,139.00,+,1.0,138.50,216,139.00,115,17.31,
智原,6318641,"2,987",293843988,47.35,47.50,46.00,46.05,-,1.05,46.05,53,46.10,14,22.91,
文曄,918149,455,35875530,39.20,39.30,38.95,39.00,-,0.1,38.95,10,39.00,7,10.66,
欣興,7304873,"3,100",157495772,21.85,21.85,21.40,21.40,-,0.3,21.40,206,21.45,15,15.51,
全台,1942004,708,15043352,7.55,7.89,7.55,7.89,+,0.34,7.87,10,7.89,4,0.00,
遠見,835852,345,26129715,31.75,31.75,30.90,31.20,-,0.1,31.20,25,31.25,1,52.88,
揚智,5064823,"2,058",167687052,32.75,33.45,32.70,32.80,+,0.15,32.80,127,32.90,3,10.61,
晶技,2121167,"1,263",78288667,37.10,37.10,36.70,36.85,,0.0,36.80,7,36.85,2,11.20,
科風,190048,71,967997,5.10,5.10,5.05,5.05,+,0.06,5.05,4,5.07,2,0.00,
健鼎,6458664,"2,952",389822600,61.10,61.50,59.70,60.20,-,0.2,60.10,40,60.20,11,13.32,
台灣大,3501740,"1,994",317850540,90.90,91.00,90.40,91.00,+,0.2,90.80,1,91.00,214,15.72,
建碁,516606,189,4085242,7.91,8.07,7.78,7.87,-,0.04,7.85,11,7.87,44,0.00,
訊舟,3033263,856,42573332,14.10,14.25,13.90,14.05,+,0.1,14.05,136,14.10,11,17.35,
益登,2039090,588,31774462,15.35,15.70,15.30,15.70,+,0.3,15.70,91,15.75,115,14.14,
和鑫,3686905,"1,007",34884451,9.52,9.57,9.39,9.39,-,0.13,9.39,112,9.40,10,19.98,
鈺德,770686,197,6084906,7.92,8.00,7.83,7.90,+,0.03,7.90,10,7.92,4,395.00,
力特,899348,75,5022533,5.67,5.68,5.50,5.65,-,0.05,5.65,79,5.73,8,3.72,
夆典,7134095,"1,957",144130657,19.60,20.75,19.40,20.40,+,0.9,20.35,5,20.40,35,16.32,
立萬利,1391100,650,32681624,23.15,23.70,23.15,23.30,+,0.15,23.30,32,23.35,10,9.55,
蔚華科,601274,170,8062097,13.40,13.60,13.20,13.55,+,0.25,13.50,1,13.55,6,0.00,
總太,1345484,589,38781934,28.80,29.05,28.65,28.90,+,0.05,28.90,33,28.95,7,2.80,
喬鼎,3265792,"1,724",169235697,51.60,52.40,51.40,51.90,,0.0,51.80,19,51.90,17,27.46,
立德,787468,262,12449443,15.80,15.90,15.75,15.75,+,0.05,15.70,119,15.75,4,12.02,
華晶科,3431664,"1,362",101002594,29.35,29.65,29.15,29.15,+,0.05,29.15,7,29.20,6,208.21,
銘異,1828027,"1,305",322778315,175.50,177.50,174.50,177.50,+,6.5,177.00,9,177.50,1,105.03,
璨圓,2922197,"1,105",55636595,19.30,19.35,18.90,18.90,-,0.05,18.90,5,18.95,13,0.00,
建漢,3868041,"1,869",135318810,34.70,35.25,34.60,34.75,+,0.35,34.75,11,34.85,1,65.57,
日電貿,1249788,646,39931830,31.60,32.35,31.60,31.75,+,0.15,31.75,3,31.80,1,14.70,
聯傑,9929432,"3,762",282709690,27.70,28.85,27.70,28.85,+,1.85,28.85,"1,090",--,0,38.47,
一零四,85210,67,9435310,112.50,112.50,109.50,110.00,-,1.0,110.00,13,111.00,3,16.06,
正達,7746196,"3,954",316924222,40.50,41.45,40.25,40.80,+,0.8,40.80,56,40.90,1,0.00,
景岳,370940,245,17983494,48.50,48.90,48.20,48.30,+,0.1,48.30,13,48.35,1,59.63,
大量,1679013,"1,131",82342637,49.45,50.50,48.00,49.40,-,0.1,49.40,1,49.45,5,37.71,
景碩,2081083,"1,223",214846589,102.50,104.00,102.00,103.50,+,1.5,103.50,6,104.00,378,14.46,
全科,9528857,"3,681",258697191,26.70,27.60,26.30,27.60,+,1.8,27.60,221,--,0,20.15,
晟鈦,384300,202,16682207,44.30,44.30,43.00,43.20,-,0.45,43.20,20,43.30,11,0.00,
緯創,15585803,"4,838",394249779,25.30,25.50,25.10,25.15,,0.0,25.15,863,25.20,56,9.05,
虹冠電,696433,542,60220778,87.40,87.80,85.50,86.10,-,0.4,86.10,22,86.40,1,25.93,
勝德,171019,67,4391839,25.70,25.80,25.60,25.70,,0.0,25.60,1,25.70,9,0.00,
昇貿,603949,391,25657657,41.70,43.45,41.70,42.00,+,0.45,42.00,49,42.40,7,14.09,
聯德,503058,242,6622982,13.05,13.65,12.90,13.65,+,0.65,13.65,10,13.70,16,0.00,
閎暉,969730,590,36085383,37.15,37.45,36.95,37.05,+,0.35,37.05,18,37.15,2,14.64,
弘憶股,191713,65,2727523,14.40,14.40,14.15,14.25,-,0.05,14.20,16,14.25,6,15.66,
宣昶,193230,91,3521940,18.20,18.30,18.10,18.15,+,0.05,18.10,35,18.15,1,67.22,
泰碩,1340188,825,55550958,41.80,42.50,40.85,41.00,-,0.7,40.90,46,41.00,22,18.06,
奇偶,399318,306,78419328,198.00,199.00,194.50,196.00,-,1.5,195.50,6,196.50,4,20.90,
新日興,535484,372,39439078,73.50,74.10,73.10,73.10,+,0.1,73.10,7,73.20,1,14.45,
明泰,2508019,"1,179",62804325,25.30,25.40,24.85,25.05,-,0.15,25.05,4,25.10,14,18.15,
新世紀,10333960,"3,622",236451914,23.00,23.45,22.50,22.85,,0.0,22.85,116,22.90,44,0.00,
玉晶光,1717323,"1,191",153987836,87.80,90.70,87.80,89.50,+,1.9,89.50,14,89.60,2,0.00,
譁裕,2854565,988,54058203,18.65,19.15,18.50,19.15,+,0.7,19.10,222,19.15,9,0.00,
台端,217001,97,3862617,17.85,18.15,17.55,17.55,-,0.2,17.55,12,17.65,1,0.00,
創意,739614,471,64263820,87.20,87.40,86.30,86.30,-,0.3,86.30,3,86.50,2,39.95,
聯鈞,13345879,"5,770",1383644250,100.50,106.00,99.50,104.50,+,5.3,104.00,27,104.50,33,19.03,
晶睿,541197,399,105773616,196.50,197.50,194.00,194.00,-,2.0,194.00,41,194.50,7,18.49,
華亞科,13667921,"5,224",339618984,24.60,25.00,24.60,24.85,+,0.25,24.80,68,24.85,5,7.12,
群創,47331856,"7,049",494265992,10.45,10.55,10.35,10.40,,0.0,10.40,904,10.45,537,18.57,
誠研,3507003,"1,429",93220278,26.45,27.10,26.00,26.00,-,0.2,26.00,3,26.05,4,0.00,
維熹,2123761,"1,392",139458881,65.30,66.80,64.70,64.80,+,0.1,64.70,51,64.80,3,13.82,
揚明光,546245,350,34149715,63.30,63.30,61.80,61.80,-,0.6,61.70,16,61.80,1,29.57,
昱晶,2052728,"1,060",58869363,29.00,29.00,28.50,28.50,,0.0,28.50,6,28.55,4,0.00,
華擎,116300,84,13378848,115.00,116.00,114.50,115.00,+,0.5,115.00,6,115.50,1,12.13,
柏騰,557636,362,35285225,63.30,63.60,62.70,63.40,+,0.1,63.30,3,63.40,8,253.60,
綠能,5420858,"1,435",152991198,28.50,28.65,28.05,28.05,-,0.25,28.05,106,28.10,15,0.00,
台勝科,105628,69,3433732,32.35,32.80,32.35,32.60,+,0.25,32.55,10,32.60,1,181.11,
嘉澤,3193622,"1,891",280868446,87.80,88.70,86.70,88.00,+,2.2,88.00,29,88.20,2,14.81,
晶彩科,2044887,668,31749413,15.40,15.70,15.40,15.40,,0.0,15.40,35,15.50,2,0.00,
誠創,3993235,"1,326",44631589,10.80,11.95,10.55,11.95,+,0.75,11.95,28,--,0,0.00,
敦泰,4985400,"2,342",262794079,52.90,53.20,52.20,52.30,+,0.2,52.30,55,52.40,5,20.19,
聯穎,224000,111,4194500,18.80,18.90,18.55,18.60,-,0.1,18.60,7,18.70,5,25.48,
嘉威,848300,272,7119918,8.35,8.49,8.33,8.35,+,0.12,8.35,21,8.39,5,0.00,
全智科,540039,234,9685383,17.90,18.10,17.80,17.90,+,0.1,17.90,10,17.95,44,14.44,
昇陽光電,5481603,"2,744",125139981,23.00,23.20,22.60,22.60,-,0.3,22.60,11,22.65,47,0.00,
穎台,560064,367,18535245,32.40,33.50,32.40,33.00,+,0.5,33.00,1,33.05,1,0.00,
聯合再生,15332629,"5,795",599305290,39.60,39.90,38.50,38.50,-,0.35,38.50,15,38.55,9,0.00,
尚志,689238,326,20287302,29.85,29.95,29.05,29.15,-,0.35,29.15,12,29.20,4,0.00,
辛耘,5493328,"2,717",336465743,60.00,62.50,60.00,60.80,+,1.5,60.80,18,60.90,7,20.61,
介面,1344847,531,34017234,25.15,25.50,25.00,25.35,+,0.25,25.30,20,25.35,11,0.00,
通嘉,2124955,"1,350",121109965,56.00,58.00,56.00,56.30,+,0.8,56.30,1,56.40,16,23.86,
艾笛森,4208548,"2,164",193745386,45.70,46.80,45.50,45.55,-,0.15,45.55,48,45.70,5,0.00,
力銘,1734183,610,33917017,19.50,19.75,19.25,19.45,-,0.05,19.45,10,19.50,6,0.00,
智易,1682137,929,90413646,54.30,54.30,53.30,53.70,,0.0,53.70,49,53.80,3,12.07,
奕力,627505,481,37102287,59.30,59.70,58.90,58.90,,0.0,58.90,3,59.00,5,12.17,
宏致,660470,357,19852629,30.75,30.75,29.85,29.85,-,0.15,29.85,15,29.90,6,31.09,
谷崧,1449000,629,74596000,51.60,52.30,50.50,52.20,+,0.8,52.10,92,52.20,37,12.49,
碩天,2006415,"1,436",168008420,82.40,85.00,82.10,85.00,+,3.7,84.90,7,85.00,43,17.21,
洋華,1118091,630,38380688,34.20,34.60,34.15,34.15,+,0.05,34.15,18,34.20,2,0.00,
F-IML,924432,651,65698453,70.30,71.90,70.00,70.60,+,0.9,70.60,6,70.70,1,10.31,
達邁,1325550,362,42690822,32.20,32.60,31.90,32.15,+,0.2,32.10,11,32.20,2,45.28,
健策,1244422,453,107393603,86.30,86.30,86.30,86.30,+,5.6,86.30,"2,265",--,0,31.61,
貿聯-KY,2759687,"1,996",490962941,178.00,180.50,175.00,175.00,+,0.5,175.00,58,175.50,8,26.96,
圓展,910111,439,25181152,27.60,28.30,27.40,27.65,,0.0,27.60,2,27.65,19,0.00,
TPK-KY,7365381,"4,605",1232577270,165.00,169.50,164.50,169.00,+,6.0,168.50,30,169.00,22,3.97,
新至陞,127000,70,5996950,47.00,47.60,47.00,47.40,+,0.3,47.40,2,47.50,1,12.44,
亞太電,5191690,"1,471",75636667,14.65,14.65,14.50,14.50,-,0.1,14.50,"1,402",14.55,133,19.59,
達能,14858116,"4,929",249376394,17.00,17.10,16.45,16.45,-,0.35,16.45,8,16.50,9,0.00,
海華,225102,116,4123001,18.30,18.45,18.10,18.15,-,0.05,18.15,11,18.20,7,0.00,
隆達,8229783,"3,090",283897034,34.60,34.85,34.10,34.35,+,0.25,34.35,18,34.40,2,18.67,
大眾控,31747,27,254275,7.92,8.36,7.90,8.34,+,0.47,7.48,10,8.22,2,0.00,
大聯大,3188637,"1,409",115990345,36.30,36.55,36.25,36.35,-,0.05,36.30,12,36.35,32,12.80,
欣陸,590090,167,6316204,10.70,10.75,10.65,10.70,+,0.05,10.65,266,10.70,9,12.89,
合勤控,4855370,"1,419",90014625,18.10,18.80,18.05,18.70,+,0.6,18.70,123,18.75,30,42.50,
永信,223576,182,12176046,53.90,54.70,53.90,54.50,+,0.6,54.50,14,54.60,2,26.33,
神達,4670786,"1,930",131998258,28.30,28.50,28.05,28.05,-,0.1,28.05,73,28.10,2,34.63,
佳醫,1125776,791,71259625,63.50,64.00,62.90,62.90,-,0.5,62.90,2,63.00,2,23.13,
雃博,228104,140,7869531,34.50,34.75,34.35,34.75,+,0.25,34.70,1,34.75,3,24.13,
懷特,507117,342,19745146,39.40,39.40,38.60,38.70,,0.0,38.70,6,38.80,3,0.00,
旭富,1237502,844,84443536,68.40,69.00,67.50,68.10,,0.0,68.00,18,68.10,6,25.04,
亞諾法,116000,73,5226900,45.00,45.15,44.85,45.00,+,0.3,44.95,2,45.00,3,34.88,
麗豐-KY,417107,337,120839565,284.00,294.50,283.00,291.00,+,10.0,290.00,1,291.00,1,32.92,
龍燈-KY,429438,324,26938287,62.40,63.50,62.00,62.60,+,0.7,62.50,1,62.60,2,26.87,
國光生,443500,275,19154475,43.15,43.50,43.00,43.00,-,0.1,43.00,28,43.10,28,0.00,
康聯-KY,1319168,943,117854129,89.00,90.40,88.10,88.70,+,0.6,88.70,13,88.80,31,15.75,
承業醫,958753,735,75527608,77.90,79.60,77.70,78.50,+,1.0,78.40,12,78.50,6,27.54,
炎洲,1317400,694,29554947,22.45,22.60,22.35,22.40,-,0.05,22.35,315,22.40,10,12.73,
如興,7611669,"2,046",136929931,18.20,18.25,17.65,17.95,,0.0,17.95,18,18.00,43,15.75,
利勤,77374,47,2615422,33.80,34.30,33.40,33.55,+,0.05,33.60,1,33.70,2,13.31,
東台,2031128,846,62596060,30.80,31.25,30.50,30.75,-,0.45,30.70,5,30.75,3,25.00,
瑞智,3590201,"1,717",122116543,34.45,34.65,33.70,33.95,-,0.5,33.95,27,34.00,6,17.23,
拓凱,503386,410,84925312,165.00,171.00,164.50,170.50,+,6.5,170.00,9,170.50,3,21.83,
國精化,505000,260,13329250,26.25,26.60,26.25,26.25,,0.0,26.25,47,26.30,7,16.51,
信昌化,2315100,"1,039",74196950,32.50,32.50,31.85,31.90,-,0.6,31.90,10,31.95,6,0.00,
上緯,2749355,"1,979",257102573,92.20,95.00,91.50,93.20,+,2.0,93.20,8,93.40,2,32.93,
華廣,383150,299,32166550,85.10,85.10,83.30,83.30,-,1.6,83.30,8,83.50,13,40.24,
台耀,662221,473,47425878,71.50,72.30,71.20,71.30,,0.0,71.30,29,71.60,5,0.00,
三福化,2697347,"1,303",95143868,34.40,35.65,33.85,35.65,+,2.3,35.65,76,--,0,12.04,
遠傳,5147644,"2,155",313040584,61.00,61.00,60.40,61.00,,0.0,60.90,4,61.00,"2,127",16.90,
正文,1656269,721,48803129,29.25,29.80,29.25,29.30,+,0.05,29.30,58,29.35,6,16.46,
致伸,6574301,"2,099",180796541,27.40,27.70,27.15,27.40,+,0.25,27.40,66,27.50,6,11.76,
事欣科,725132,487,44944857,62.00,62.90,61.50,61.90,+,0.3,61.90,1,62.00,4,23.90,
新唐,562000,323,16339900,28.95,29.35,28.80,28.90,+,0.2,28.90,3,28.95,5,23.12,
燦星網,551366,191,7731884,13.95,14.15,13.95,14.00,+,0.05,14.00,28,14.05,2,0.00,
太極,3075350,"1,218",77097845,25.35,25.40,24.80,24.85,-,0.15,24.85,39,24.90,1,26.16,
茂林-KY,862000,332,28550900,33.05,33.40,32.90,33.10,+,0.1,32.95,6,33.10,12,18.29,
和碩,6214417,"2,460",259384179,41.65,41.95,41.00,41.70,+,0.25,41.70,518,41.75,134,10.97,
嘉彰,601451,395,22682285,37.50,37.95,37.50,37.50,-,0.3,37.50,119,37.80,8,10.11,
凌通,837350,481,31820270,37.55,38.35,37.55,38.15,+,0.25,38.10,1,38.15,16,20.08,
光鋐,3064380,"1,357",89718591,29.10,29.90,28.60,29.45,+,0.55,29.40,1,29.45,22,49.08,
臻鼎-KY,2585550,"1,689",186932405,72.20,72.80,72.00,72.20,+,0.2,72.20,42,72.30,7,11.35,
誠美材,4589734,"2,352",163200058,36.20,36.35,35.20,35.25,-,0.65,35.25,43,35.30,3,7.30,
佳凌,166000,100,5683200,34.40,34.80,34.10,34.10,-,0.25,34.10,8,34.30,1,15.43,
眾達-KY,1287561,947,120220483,91.00,95.00,90.80,93.00,+,2.6,93.00,3,93.20,2,28.70,
科納-KY,5611784,"2,388",285538017,49.50,51.30,49.00,51.30,+,3.3,51.30,413,--,0,0.00,
傳奇,324022,248,46540198,139.00,145.50,139.00,145.50,+,9.5,145.50,"1,376",--,0,52.34,
鑫禾,1495150,973,88411900,58.30,60.30,57.60,60.00,+,2.0,60.00,7,60.10,5,11.83,
三星,571640,370,50281955,88.20,88.40,87.30,88.40,+,0.2,88.00,4,88.40,7,27.12,
訊連,1156280,773,107488079,93.00,94.10,91.80,92.70,-,1.0,92.70,11,93.00,7,13.11,
科嘉-KY,145150,87,4459475,30.80,31.00,30.30,30.70,+,0.1,30.65,2,30.70,4,17.75,
東科-KY,485000,313,40615800,84.40,84.60,82.60,83.80,-,0.5,83.80,4,83.90,7,15.49,
達興材料,1643100,692,104162300,63.40,64.50,62.70,63.40,-,0.3,63.30,1,63.50,12,13.72,
乙盛-KY,2844134,"1,767",161512057,56.40,57.90,56.00,56.50,+,0.1,56.40,12,56.50,19,35.53,
清惠,250125,118,4439755,17.90,18.00,17.45,17.70,-,0.05,17.70,4,17.75,7,22.99,
鎧勝-KY,4001299,"2,634",664186134,166.50,167.50,164.50,166.00,-,0.5,166.00,128,166.50,281,9.81,
祥碩,804122,534,46300855,58.00,58.80,56.40,56.50,-,0.9,56.50,50,56.70,20,40.36,
F-敦泰,3216012,"2,640",950262468,300.00,305.00,286.00,289.00,-,5.5,289.00,2,290.00,6,7.52,
界霖,309258,211,11939058,38.20,39.00,38.20,38.25,+,0.15,38.20,16,38.40,1,22.90,
敦南,2025699,747,45266446,22.30,22.55,22.15,22.20,-,0.15,22.20,142,22.25,3,55.50,
中磊,6896269,"3,892",475725022,68.50,69.80,68.10,68.50,+,0.4,68.50,40,68.60,2,17.13,
崇越,942042,545,58019762,61.00,62.20,61.00,61.20,-,0.2,61.20,16,61.30,1,11.75,
瀚宇博,2207080,558,25202291,11.20,11.55,11.20,11.30,+,0.1,11.30,86,11.35,64,0.00,
松翰,3115079,"1,697",169840052,55.30,55.30,53.70,53.80,-,1.2,53.80,16,53.90,1,19.35,
慧友,3506456,896,47142757,13.40,13.90,13.00,13.50,+,0.3,13.45,60,13.50,10,0.00,
建國,391341,131,5333881,13.65,13.70,13.60,13.70,+,0.1,13.60,62,13.70,32,7.33,
隆大,238951,119,7347228,30.80,30.95,30.55,30.95,+,0.35,30.90,14,30.95,4,7.94,
工信,791134,207,10241120,13.05,13.05,12.90,12.95,-,0.1,12.95,43,13.00,137,58.86,
遠雄,671503,518,33666850,50.00,50.30,49.85,50.00,,0.0,50.00,55,50.10,7,6.78,
順天,173481,52,3435175,19.90,19.90,19.50,19.75,-,0.05,19.75,9,19.90,7,6.95,
鄉林,428823,272,10315314,24.10,24.25,23.90,24.20,+,0.1,24.15,1,24.20,11,12.74,
皇鼎,250428,122,4793450,19.20,19.20,19.10,19.15,-,0.05,19.10,22,19.15,12,6.20,
長虹,521650,274,43802020,83.80,84.50,83.80,84.00,+,0.2,84.00,8,84.10,19,2.86,
東明-KY,143442,89,3605550,25.00,25.35,25.00,25.05,+,0.1,25.00,5,25.05,2,23.19,
遠雄港,1020051,438,27732664,27.30,27.65,26.95,27.00,-,0.5,26.95,51,27.00,6,27.84,
四維航,319817,136,6536511,20.45,20.50,20.40,20.50,+,0.15,20.45,5,20.50,47,14.04,
鳳凰,219330,158,12001718,54.90,54.90,54.50,54.50,+,0.1,54.50,15,54.60,1,16.42,
中租-KY,6475429,"3,897",467069447,71.20,72.70,71.10,72.40,+,1.5,72.40,6,72.50,375,13.48,
合庫金,5737476,"1,748",92612819,16.15,16.20,16.10,16.10,-,0.05,16.10,629,16.15,115,17.31,
台南-KY,200001,70,2055610,10.20,10.50,10.20,10.35,,0.0,10.35,2,10.40,12,0.00,
大洋-KY,142000,97,8169100,56.00,58.30,56.00,57.90,+,1.3,57.90,2,58.00,2,10.95,
群益證,4074003,"1,070",47114217,11.35,11.70,11.35,11.50,+,0.15,11.50,317,11.55,41,23.00,
競國,1222659,493,27012512,22.30,22.45,21.90,21.95,-,0.35,21.90,88,21.95,2,16.63,
聚碩,270379,147,8979342,33.05,33.30,33.05,33.20,+,0.15,33.20,2,33.25,18,13.50,
鎰勝,95436,75,4057961,42.40,42.80,42.35,42.35,,0.0,42.35,21,42.55,1,11.38,
彩晶,17605521,"2,847",200199946,11.35,11.50,11.25,11.30,,0.0,11.30,120,11.35,468,5.36,
迎廣,205029,82,3790482,18.75,18.75,18.35,18.40,-,0.25,18.40,3,18.65,10,0.00,
達運,2280869,761,28935807,12.85,12.95,12.55,12.55,-,0.2,12.55,151,12.60,101,0.00,
上福,178429,90,6050227,33.80,34.00,33.70,33.95,-,0.05,33.95,6,34.00,3,13.42,
悠克,1005126,285,15074644,14.75,15.15,14.75,15.15,+,0.35,15.05,11,15.15,59,0.00,
金橋,378936,137,4507544,12.00,12.00,11.80,11.80,,0.0,11.80,16,11.85,4,590.00,
富爾特,136565,78,3678893,26.85,27.00,26.85,26.95,+,0.1,26.95,9,27.00,8,13.48,
亞翔,144850,127,4066800,28.20,28.20,27.95,28.05,+,0.05,28.05,1,28.15,16,13.05,
柏承,124648,47,1452298,11.75,11.75,11.60,11.70,+,0.1,11.65,12,11.70,14,0.00,
友勁,935528,288,9188895,9.80,9.89,9.76,9.80,,0.0,9.80,79,9.85,5,14.63,
勁永,448601,207,6941869,15.45,15.60,15.35,15.40,,0.0,15.40,5,15.45,1,44.00,
百一,688982,369,15475088,22.40,22.55,22.35,22.55,+,0.05,22.50,21,22.55,7,11.99,
嘉聯益,17451714,"6,254",613654766,35.95,35.95,34.15,34.15,-,0.45,34.15,223,34.20,113,17.16,
鈞寶,289180,205,8984110,31.40,31.80,30.50,30.50,-,0.5,30.50,3,30.60,3,21.33,
華興,1164489,483,26341147,22.85,22.85,22.50,22.50,-,0.15,22.50,88,22.55,3,20.64,
捷泰,311251,132,2146033,6.80,7.09,6.80,6.89,-,0.02,6.88,2,6.89,1,0.00,
凌華,4116535,"1,965",238557095,57.40,59.00,56.80,57.00,+,1.4,56.90,50,57.00,1,26.15,
宏齊,1186025,416,23395482,19.90,19.95,19.60,19.60,-,0.1,19.60,60,19.70,46,0.00,
互億,5239,9,40136,7.45,7.90,7.45,7.90,+,0.51,7.89,1,7.90,1,0.00,
瑞儀,7588573,"4,489",954054698,124.00,127.50,123.00,126.50,+,4.5,126.50,26,127.00,284,13.51,
達麗,146894,89,5123208,35.10,35.10,34.75,34.75,-,0.35,34.75,9,34.80,1,12.78,
關貿,750430,339,21756954,29.10,29.10,28.80,28.80,-,0.3,28.80,48,28.95,22,22.33,
大豐電,97726,91,5164047,52.80,53.20,52.60,52.90,+,0.1,52.80,1,52.90,5,16.74,
豐藝,422955,222,13671400,32.40,32.55,32.20,32.20,-,0.2,32.20,91,32.25,1,10.22,
精成科,1899504,439,21049544,11.05,11.15,11.00,11.05,,0.0,11.05,66,11.10,6,0.00,
巨路,423186,325,33271097,77.60,79.30,77.60,78.90,+,1.3,78.90,4,79.00,49,14.48,
帆宣,5164668,"2,128",118797044,22.50,23.35,22.45,23.20,+,0.9,23.20,24,23.25,28,17.98,
佳必琪,741355,446,24571515,32.85,33.50,32.85,33.00,+,0.15,33.00,38,33.10,4,31.73,
亞弘電,146150,76,3560409,24.00,24.50,24.00,24.45,+,0.45,24.45,5,24.50,11,27.47,
盛群,2550403,"1,644",158188886,62.60,63.30,61.20,61.50,-,0.6,61.50,26,61.60,73,20.16,
詮欣,338057,134,9823653,29.15,29.30,28.80,29.20,+,0.05,29.00,12,29.20,8,15.70,
飛捷,1202147,890,151352375,126.50,127.00,125.00,125.00,,0.0,125.00,93,126.00,10,17.93,
今國光,552144,326,16369881,29.50,29.85,29.50,29.55,+,0.05,29.55,1,29.60,3,54.72,
聯茂,2176951,"1,010",75413905,34.60,34.75,34.50,34.55,+,0.05,34.55,29,34.70,14,13.71,
精誠,2800461,"1,784",200205281,72.00,72.50,70.30,70.30,+,0.8,70.30,14,70.60,12,25.29,
和椿,1382590,566,25060680,18.20,18.35,17.95,18.00,-,0.15,18.00,19,18.05,7,58.06,
居易,2972788,"1,648",86347782,29.50,29.50,28.35,28.60,-,0.1,28.55,20,28.60,5,18.22,
聚鼎,676309,429,51066580,74.20,76.50,74.20,74.90,+,1.0,74.80,6,74.90,9,16.04,
天瀚,64279,55,469866,7.31,7.31,7.31,7.31,+,0.47,7.31,439,--,0,0.00,
光鼎,1109935,369,15037834,13.70,13.80,13.30,13.30,-,0.3,13.30,56,13.35,2,40.30,
超眾,1510890,913,152803000,101.50,102.50,100.00,100.50,+,0.5,100.00,97,100.50,3,16.39,
華孚,131319,67,1086252,8.28,8.35,8.23,8.25,+,0.02,8.25,2,8.32,12,0.00,
力成,5771245,"2,692",256548380,44.70,44.80,44.10,44.25,-,0.25,44.25,125,44.30,10,14.70,
迅杰,749972,372,12414339,16.30,16.75,16.30,16.40,+,0.2,16.40,10,16.50,28,0.00,
定穎,2367189,620,28364915,11.85,12.10,11.85,11.85,+,0.05,11.85,201,11.90,20,0.00,
矽格,5858372,"1,996",174192979,29.80,29.90,29.50,29.60,,0.0,29.60,39,29.65,6,10.72,
台郡,5812218,"3,384",505662737,88.00,88.00,86.30,87.40,-,0.7,87.40,3,87.50,33,10.03,
同欣電,3582477,"2,232",601023182,166.50,170.00,164.50,166.50,+,1.0,166.50,100,167.00,9,17.13,
宏正,849209,622,85111911,101.00,102.00,98.80,98.80,-,1.2,98.80,3,98.90,1,17.64,
台表科,835690,535,36967750,44.20,44.40,44.10,44.15,,0.0,44.15,7,44.20,12,10.20,
全國電,109785,77,6869297,62.60,62.80,62.40,62.60,,0.0,62.60,13,62.80,7,14.07,
康舒,6611515,"2,948",234528930,35.95,36.05,35.15,35.70,+,0.1,35.65,12,35.70,6,15.52,
淳安,441997,139,4751166,10.70,10.90,10.65,10.75,+,0.05,10.70,5,10.80,56,0.00,
啟碁,2735993,"1,804",201026970,73.10,74.50,73.10,73.10,-,0.8,73.10,15,73.30,1,15.96,
立錡,1893685,"1,420",327033476,173.00,175.00,171.00,172.50,+,2.0,172.50,36,173.00,20,18.18,
華上,1574784,392,8137845,5.15,5.20,5.13,5.16,+,0.03,5.15,146,5.16,8,0.00,
悅城,313000,235,22184200,70.80,71.50,70.40,70.40,-,0.4,70.40,5,70.80,11,10.57,
群電,1417781,783,63490317,45.20,45.45,44.20,44.20,-,0.75,44.20,27,44.30,8,15.62,
矽力-KY,491503,435,144764415,298.00,308.00,286.00,300.00,+,10.0,300.00,4,301.00,3,42.61,
南六,357499,282,60767328,167.50,172.00,167.50,170.00,+,2.5,170.00,257,170.50,6,38.03,
台塑化,1592689,888,121871973,76.20,77.00,75.80,77.00,+,1.0,76.40,82,77.00,491,33.19,
帝寶,598362,483,72832802,119.50,122.50,119.50,122.00,+,3.0,122.00,2,122.50,19,16.44,
興航,139006,61,1706723,12.40,12.40,12.25,12.25,-,0.15,12.25,41,12.35,7,0.00,
台通,5319390,"2,396",243251295,45.90,46.35,45.00,45.70,+,0.4,45.70,17,45.80,33,20.40,
矽創,894131,469,46897059,52.50,52.80,52.20,52.40,+,0.4,52.30,78,52.50,6,16.43,
尖點,1510954,494,33301575,22.10,22.25,21.90,22.10,+,0.1,22.05,27,22.10,12,12.42,
雷虎,668143,273,9983020,14.85,15.10,14.85,14.85,,0.0,14.85,117,14.90,2,0.00,
台虹,1455710,933,82892620,57.30,57.30,56.70,56.80,,0.0,56.70,20,56.80,43,11.52,
南電,1209327,649,45920259,38.00,38.15,37.80,37.85,,0.0,37.85,19,37.90,22,0.00,
長華,407920,292,34988700,85.40,86.30,85.10,85.20,,0.0,85.20,22,85.60,2,10.61,
陞泰,65597,64,5465527,83.10,83.60,83.10,83.40,+,0.3,83.30,16,83.50,2,13.45,
致新,754330,578,76370500,101.50,102.00,100.00,100.50,+,0.5,100.50,11,101.00,6,15.07,
華冠,2130033,771,32900742,15.50,15.55,15.35,15.50,+,0.1,15.45,47,15.50,293,387.50,
瀚荃,751995,397,31285778,41.20,42.00,41.00,42.00,+,0.8,41.90,2,42.00,83,13.00,
凌巨,21778148,"5,619",288231008,13.45,13.60,12.95,12.95,-,0.25,12.90,401,12.95,10,0.00,
華東,1865544,639,21882709,11.80,11.85,11.65,11.70,,0.0,11.70,19,11.75,70,22.94,
至上,11499939,"2,836",211582333,18.40,18.60,18.10,18.30,+,0.1,18.30,53,18.35,12,20.80,
振樺電,494028,410,85125316,174.00,174.00,169.50,172.50,,0.0,172.50,1,173.00,10,24.13,
福懋科,285200,155,5414150,18.80,19.05,18.80,19.00,+,0.2,18.95,11,19.00,14,172.73,
達方,2405747,929,55367727,22.95,23.25,22.80,22.80,,0.0,22.80,48,22.90,22,207.27,
無敵,422533,174,6250083,14.90,15.00,14.65,14.65,-,0.25,14.65,40,14.70,15,0.00,
勤誠,2687093,"1,201",100188405,35.55,37.85,35.50,37.85,+,2.45,37.85,458,--,0,11.44,
志超,1749770,889,63928397,36.50,36.70,36.45,36.60,+,0.1,36.55,2,36.60,51,8.41,
明基材,2261285,"1,216",86985703,39.00,39.10,38.10,38.10,-,0.5,38.10,20,38.20,5,13.32,
菱光,5956965,"2,569",146890832,25.00,25.20,24.00,24.60,,0.0,24.55,102,24.60,14,26.45,
富鼎,3414201,"1,649",104858654,29.90,31.10,29.80,30.60,+,0.85,30.60,23,30.65,37,0.00,
宇瞻,1188471,569,35693830,30.40,30.40,29.90,29.95,-,0.1,29.90,66,29.95,22,9.51,
羅昇,363366,209,10121646,28.30,28.40,27.50,27.90,-,0.3,27.80,17,27.90,1,0.00,
百和興業-KY,4313743,"1,529",100017643,23.35,23.70,22.50,23.35,-,0.25,23.35,14,23.40,3,17.69,
福貞-KY,379420,270,31890637,84.40,84.50,83.70,83.90,-,0.5,83.90,5,84.00,1,12.71,
可寧衛,164230,145,31602273,193.50,194.00,191.50,192.00,-,0.5,191.50,7,192.00,10,17.07,
基勝-KY,90200,59,4870400,53.90,54.50,53.70,54.50,+,0.6,54.40,1,54.50,1,32.25,
金麗-KY,2864330,"1,835",311536305,105.00,110.50,104.50,109.00,+,4.5,108.50,7,109.00,25,13.41,
台汽電,394141,214,7026599,17.80,17.90,17.80,17.80,-,0.1,17.80,121,17.85,2,31.23,
新天地,81023,48,1893729,23.00,23.60,23.00,23.05,+,0.1,23.05,3,23.20,7,121.32,
高力,1335590,915,110343995,83.20,83.50,81.80,82.60,,0.0,82.60,4,82.70,1,40.49,
新曄,0,0,0,--,--,--,--,,0.0,9.65,3,9.72,1,0.00,
美德醫療-DR,560000,83,1492980,2.68,2.68,2.65,2.66,-,0.02,2.66,871,2.68,53,0.00,
康師傅-DR,85000,44,3565200,41.20,42.25,41.20,41.65,+,0.45,41.65,1,42.00,16,0.00,
聖馬丁-DR,2186671,239,4438212,2.00,2.07,1.98,2.04,+,0.05,2.02,78,2.04,74,0.00,
泰金寶-DR,17626300,880,55820173,3.16,3.21,3.15,3.17,X,0.0,3.17,109,3.18,354,0.00,
新焦點-DR,185000,45,556150,2.97,3.03,2.97,2.99,+,0.02,2.99,15,3.02,10,0.00,
恒大健-DR,7000,3,35840,5.17,5.17,5.10,5.10,X,0.0,5.11,20,5.17,16,0.00,
金衛-DR,11938227,"2,418",124951347,10.60,10.90,10.30,10.30,-,0.3,10.30,706,10.35,21,0.00,
神州-DR,256000,65,3969150,15.60,15.65,15.30,15.35,-,0.45,15.40,1,15.50,2,0.00,
融達,134203,31,335857,2.43,2.52,2.43,2.52,+,0.09,2.51,2,2.52,16,0.00,
越南控-DR,334000,63,1579880,4.80,4.83,4.68,4.68,-,0.1,4.68,3,4.76,1,0.00,
僑威控,0,0,0,--,--,--,--,,0.0,--,,--,,0.00,
明輝-DR,484000,190,2972420,6.49,6.59,5.94,6.25,-,0.13,6.19,2,6.25,2,0.00,
揚子江,115000,27,1454800,12.55,12.70,12.55,12.70,-,0.05,12.70,10,12.85,14,0.00,
中泰山-DR,1557000,123,3054020,1.94,2.01,1.92,1.96,+,0.03,1.95,109,1.96,3,0.00,
滬安,2219484,253,7165285,3.19,3.37,3.15,3.32,+,0.15,3.29,11,3.32,2,0.00,
杜康-DR,7694000,"1,445",46231320,5.98,6.10,5.82,6.10,+,0.38,6.08,3,6.10,313,0.00,
耀傑-DR,213000,12,937800,4.42,4.45,4.40,4.40,-,0.02,4.40,12,4.45,3,0.00,
泰聚亨-DR,0,0,0,--,--,--,--,,0.0,12.50,1,13.30,3,0.00,
MSH-DR,46000,19,248210,5.56,5.70,5.32,5.50,-,0.21,5.33,10,5.50,4,0.00,
同方友友-DR,507000,125,1765700,3.60,3.60,3.41,3.49,-,0.01,3.49,32,3.50,6,0.00,
晨訊科-DR,428933,96,1420371,3.28,3.38,3.26,3.38,+,0.22,3.38,807,--,0,0.00,
友佳-DR,52110,17,469409,9.08,9.08,8.99,9.00,+,0.1,9.00,13,9.04,1,0.00,
巨騰-DR,2118000,602,52409750,24.50,25.00,24.50,24.55,-,0.05,24.55,7,24.60,117,0.00,
大成糖,90000,25,326310,3.63,3.66,3.60,3.60,-,0.03,3.60,15,3.63,10,0.00,
陽光能源-DR,336985,93,879891,2.63,2.63,2.59,2.61,,0.0,2.60,9,2.61,14,0.00,
精熙-DR,295000,22,1006060,3.44,3.44,3.40,3.40,-,0.04,3.40,83,3.42,10,0.00,
鈺齊-KY,2436100,"1,502",96058880,39.40,40.05,39.10,39.20,+,0.1,39.20,2,39.25,1,13.71,
台火,2456991,780,43695742,18.05,18.05,17.20,17.20,-,0.8,17.20,9,17.45,2,10.24,
寶成,9315180,"3,045",380006374,41.00,41.15,40.55,41.00,,0.0,40.75,3,41.00,155,12.46,
大華,143000,95,5267400,36.65,37.10,36.65,36.80,+,0.15,36.80,21,36.85,2,12.87,
欣巴巴,129421,75,4820558,37.40,37.40,37.05,37.15,-,0.25,37.15,9,37.30,2,0.00,
統一實,10089949,"3,781",333522098,32.40,33.50,32.30,33.00,+,1.0,32.95,2,33.00,49,41.77,
大台北,54146,35,1250712,23.15,23.15,23.05,23.05,-,0.1,23.05,54,23.15,51,19.21,
豐泰,2209708,"1,290",183461364,80.50,85.00,80.50,83.40,+,3.2,83.40,2,83.60,5,20.80,
櫻花,3413714,"1,478",79871121,23.10,23.60,23.00,23.50,+,0.5,23.45,11,23.50,32,17.54,
偉聯,540774,254,10129667,18.35,19.00,18.35,18.75,-,0.65,18.75,2,18.80,1,1.50,
美利達,1350708,"1,112",273127308,201.50,203.00,201.00,202.00,+,1.0,202.00,49,202.50,8,18.98,
中保,355409,238,27281107,76.90,77.00,76.40,76.80,+,0.2,76.80,6,76.90,33,17.74,
欣天然,9862,13,325096,33.00,33.00,32.85,33.00,+,0.05,32.75,1,33.05,1,21.57,
康那香,1198161,389,18126917,15.30,15.30,15.05,15.20,+,0.05,15.15,12,15.20,24,0.00,
巨大,394786,353,79553877,204.00,205.00,200.50,201.00,-,4.0,201.00,25,201.50,14,22.58,
福興,248915,156,8036546,32.30,32.40,32.20,32.20,-,0.1,32.20,51,32.30,5,10.32,
新保,281382,104,11822644,42.00,42.20,41.90,42.00,,0.0,41.95,6,42.00,16,15.79,
新海,21226,16,863268,40.60,40.75,40.60,40.70,+,0.05,40.70,1,41.00,1,28.87,
泰銘,144165,111,5046302,35.00,35.35,34.85,35.00,+,0.2,35.00,3,35.15,2,8.86,
中視,151416,70,2429212,15.90,16.35,15.90,16.00,+,0.1,15.95,7,16.05,1,0.00,
秋雨,744014,171,7395186,9.80,10.20,9.80,10.00,+,0.19,9.98,4,10.00,67,0.00,
中聯資源,98060,48,6667386,68.00,68.10,67.90,68.00,,0.0,68.00,2,68.10,2,20.06,
欣高,17011,11,677665,39.90,39.90,39.60,39.60,,0.0,39.60,21,39.95,2,13.20,
中鼎,1348722,960,56322356,42.15,42.15,41.50,41.80,-,0.35,41.80,42,41.85,5,16.02,
成霖,621105,249,13812360,21.90,22.40,21.90,22.15,+,0.25,22.15,43,22.25,2,0.00,
慶豐富,362982,112,2352540,6.36,6.60,6.36,6.50,+,0.05,6.45,3,6.50,10,0.00,
全國,78872,56,2234332,28.25,28.50,28.25,28.25,-,0.05,28.25,26,28.30,19,23.35,
百和,11306895,"4,382",437152652,38.20,39.70,37.70,39.70,+,2.45,39.65,34,39.70,1,16.75,
宏全,1163717,666,75257382,64.80,64.90,64.50,64.60,-,0.3,64.60,4,64.70,19,14.32,
信義,158556,136,7830416,49.10,49.60,49.10,49.50,+,0.4,49.50,1,49.60,6,10.69,
裕融,1458909,771,114931336,77.90,79.30,77.80,78.10,+,0.4,78.10,6,78.30,30,14.41,
茂順,1257326,916,170669144,131.00,139.00,131.00,139.00,+,9.0,138.50,3,139.00,7,25.14,
好樂迪,95000,58,3467200,36.60,36.70,36.25,36.45,-,0.15,36.45,7,36.50,2,11.01,
新麗,3004303,"1,514",109428731,36.20,37.30,35.20,35.85,+,0.35,35.80,12,35.85,2,40.74,
潤泰新,6813382,"3,755",353382264,52.10,52.20,51.60,51.90,-,0.5,51.80,81,51.90,154,11.58,
三發地產,465000,170,13359750,28.80,28.80,28.65,28.75,+,0.05,28.70,41,28.75,2,4.04,
佳龍,147892,99,3378381,22.60,22.95,22.60,22.95,+,0.35,22.90,5,22.95,6,0.00,
世紀鋼,1545949,453,21627588,14.15,14.15,13.85,13.85,-,0.25,13.85,73,13.90,2,8.15,
