公司代號,公司名稱,合計：共 877 家,毛利率(%)(營業毛利)/(營業收入),營業利益率(%)(營業利益)/(營業收入),營業收入(百萬元),稅前純益率(%)(稅前純益)/(營業收入),稅後純益率(%)(稅後純益)/(營業收入)
1101,台泥,,16.34,10.46,40666.26,9.21,6.89
1102,亞泥,,12.35,8.80,29067.25,6.70,5.27
1103,嘉泥,,1.76,-11.17,1361.47,-17.25,-18.54
1104,環球水泥,,12.63,4.74,2325.47,39.05,36.64
1108,幸福水泥,,18.27,12.65,2104.97,12.11,9.25
1109,信大水泥,,13.71,4.53,2006.52,2.94,2.19
1110,東泥,,7.10,2.60,787.59,27.51,29.88
1201,味全公司,,27.40,-9.77,7996.08,-5.29,-5.54
1203,味王公司,,25.26,9.38,3110.92,10.13,8.19
1210,大成長城,,13.34,3.52,36172.49,3.90,3.44
1213,大飲,,14.15,3.36,312.87,4.79,3.88
1215,卜蜂企業,,14.71,7.72,8593.70,8.06,6.50
1216,統一,,34.43,6.31,211522.51,8.05,6.42
1217,愛之味,,33.13,-0.69,1922.43,-4.20,-4.37
1218,泰山企業,,17.19,0.28,3848.69,3.71,3.40
1219,福壽實業,,9.31,1.38,5313.40,1.45,0.87
1220,台榮,,15.10,7.33,1428.55,8.04,6.79
1225,福懋油,,11.14,6.08,5242.44,6.06,4.48
1227,佳格,,31.09,12.06,12656.00,12.82,10.28
1229,聯華實業,,21.38,11.21,2641.91,35.74,34.93
1231,聯華食品,,21.25,6.97,3203.22,7.76,6.28
1232,大統益,,10.58,6.79,8171.51,6.68,5.50
1233,天仁,,56.88,9.71,1074.54,10.51,8.69
1234,黑松,,26.57,-0.24,3932.95,20.85,19.41
1235,興泰,,51.01,-6.24,59.07,248.72,236.10
1236,宏亞食品,,23.30,-1.47,951.16,-0.25,-0.84
1256,鮮活果汁-KY,,29.58,14.60,1303.54,13.60,8.62
1262,綠悅-KY,,37.58,31.06,3245.47,30.98,26.12
1301,台塑,,12.63,6.67,87581.40,20.90,18.20
1303,南亞塑膠,,11.44,5.16,133713.16,12.21,10.17
1304,台聚,,13.30,6.38,26029.63,6.28,4.93
1305,華夏,,18.43,10.77,7293.35,10.14,8.45
1307,三芳化工,,29.64,14.41,5584.86,14.20,11.41
1308,亞聚,,13.94,10.03,2618.46,13.73,11.30
1309,台達化工,,5.91,1.58,7852.37,1.30,0.81
1310,台苯,,15.57,12.36,6774.82,11.23,8.67
1312,國喬石化,,15.96,9.31,9111.31,13.12,10.73
1313,聯成,,5.47,1.25,19287.61,2.21,1.74
1314,中石化,,-6.56,-11.75,11481.84,-12.14,-12.38
1315,達新工業,,19.83,3.70,1371.27,3.56,3.05
1316,上曜,,21.94,-22.33,272.26,-21.86,-22.53
1319,東陽,,25.20,11.74,11800.92,12.62,9.85
1321,大洋,,8.36,0.04,2132.21,0.87,0.87
1323,永裕,,26.53,13.62,1542.81,14.61,10.42
1324,地球工業,,23.76,7.24,614.06,8.02,6.34
1325,恒大,,24.13,17.00,509.37,16.06,12.93
1326,台化,,16.08,11.56,157074.03,16.20,14.09
1337,再生-KY,,23.22,13.73,2750.74,13.44,9.31
1338,廣華-KY,,27.39,11.80,3679.71,10.91,8.50
1339,昭輝,,28.41,15.53,1138.52,11.95,8.73
1340,勝悅-KY,,34.45,31.41,1583.06,33.45,28.16
1402,遠東新,,24.43,7.59,106563.58,7.31,5.70
1410,南染,,39.24,26.00,312.85,26.55,21.85
1413,宏洲纖維,,0.96,-1.41,991.38,-1.87,-1.87
1414,東和,,6.20,-1.24,470.75,-1.12,-1.25
1416,廣豐,,28.96,13.13,3356.98,34.52,33.86
1417,嘉裕,,19.36,-13.32,1576.91,-4.32,-1.70
1418,東華,,4.73,-5.06,889.85,-6.08,-6.32
1419,新紡,,23.56,-2.14,613.98,-5.08,-4.43
1423,利華羊毛,,7.60,2.04,329.54,2.39,2.82
1432,大魯閣實業,,76.35,-45.10,385.91,-9.94,8.01
1434,福懋興業,,15.56,8.65,20792.74,7.91,5.96
1435,中福國際,,90.07,-38.41,12.91,-50.67,-50.67
1436,華友聯,,23.64,12.19,495.01,4.43,3.33
1437,勤益投控,,66.45,45.68,307.82,114.11,107.72
1438,裕豐,,-31.58,-7266.67,0.06,-4401.75,-4401.75
1439,中和羊毛,,3.44,-4.25,186.57,-3.31,-3.01
1440,南紡,,11.07,0.15,8992.36,2.77,2.01
1441,大東紡織,,-0.98,-11.81,832.79,-11.32,-11.32
1442,名軒,,23.20,15.33,1303.45,10.81,9.79
1443,立益紡織,,-1.01,-11.38,557.96,-32.42,-32.51
1444,力麗,,8.41,2.97,4849.65,1.55,1.19
1445,大宇紡織,,13.99,5.40,836.03,5.80,4.78
1446,宏和,,23.41,4.03,472.51,5.21,3.51
1447,力鵬,,4.23,-0.35,6840.56,-1.89,-1.82
1449,佳和實業,,2.96,-10.54,1414.14,-11.64,-11.46
1451,年興紡織,,13.80,7.62,6622.62,8.08,6.68
1452,宏益,,15.91,10.32,966.69,10.88,8.12
1453,大將,,-7.07,-61.57,26.03,5.44,-0.41
1454,台富,,13.40,5.56,930.02,5.43,3.87
1455,集盛,,5.37,1.69,6286.92,1.39,1.04
1456,怡華,,16.27,-1.70,220.70,-13.51,-13.51
1457,宜進,,7.57,1.58,2321.60,4.55,3.29
1459,聯發紡織,,5.07,-0.48,1427.78,-2.17,-2.42
1460,宏遠,,21.85,6.22,4145.57,5.78,4.86
1463,強盛染整,,21.11,5.07,261.87,24.69,24.80
1464,得力實業,,18.14,5.26,3562.83,3.96,5.30
1465,偉全實業,,16.57,4.90,934.28,5.25,5.11
1466,聚隆,,4.25,-3.06,1800.40,-4.14,-3.85
1467,南緯實業,,18.29,1.21,3360.00,-0.23,-1.09
1468,昶和纖維,,29.25,9.85,331.35,2.51,2.51
1470,大統新創,,23.61,9.68,349.48,9.95,8.17
1471,首利,,-5.83,-28.98,574.31,-27.93,-27.78
1472,三洋紡,,-9.67,23.93,311.55,23.72,19.13
1473,台南企業,,19.11,4.85,4920.62,4.69,3.24
1474,弘裕,,13.48,5.36,1658.54,4.81,3.88
1475,本盟光電,,-5.72,-27.32,101.18,-24.75,-24.77
1476,儒鴻,,27.39,17.46,11418.10,16.58,12.74
1477,聚陽實業,,21.35,10.56,10901.51,10.51,8.55
1503,士電,,21.24,7.80,10255.74,9.11,6.83
1504,東元電機,,27.05,9.06,24492.50,10.25,8.07
1506,正道,,19.18,3.63,826.78,2.17,1.44
1507,永大機電,,28.93,11.92,10085.17,12.32,8.60
1512,瑞利,,13.84,0.95,1898.39,-2.39,-4.16
1513,中興電,,17.39,5.69,5864.59,6.18,4.88
1514,亞力電機,,13.45,3.60,2079.72,5.29,4.77
1515,力山,,23.35,1.81,1753.27,1.64,1.34
1516,川飛,,4.13,1.92,324.57,6.20,6.19
1517,利奇機械,,13.34,-0.15,1450.25,1.99,1.28
1519,華城電機,,18.52,6.56,2975.54,5.16,4.42
1521,大億,,18.37,8.79,2759.63,11.20,9.82
1522,堤維西,,22.94,7.46,8011.84,9.00,6.82
1524,耿鼎企業,,24.22,13.56,1252.45,10.28,8.52
1525,江申工業,,10.83,2.85,590.66,48.07,43.64
1526,日馳,,28.68,15.90,459.11,12.75,10.83
1527,鑽全,,33.17,24.98,2116.75,28.41,24.78
1528,恩德,,32.06,2.85,1771.08,3.23,2.91
1529,樂士,,11.70,1.67,134.21,3.19,3.17
1530,亞崴機電,,21.68,7.99,1710.73,6.80,3.88
1531,高林股,,19.96,4.73,1200.23,4.18,3.72
1532,勤美,,25.05,11.30,6906.02,11.60,8.79
1533,車王電,,36.84,9.22,1169.74,5.73,3.26
1535,中宇,,9.37,3.99,4350.74,4.87,3.16
1536,和大工業,,38.83,26.28,2878.81,24.66,19.60
1537,廣隆光電,,24.53,17.71,3347.82,17.66,13.11
1538,正峰新,,17.53,-12.04,334.56,-7.96,-7.96
1539,巨庭機械,,16.02,11.76,1466.78,9.30,6.82
1540,喬福機械,,27.44,15.47,285.21,11.44,6.84
1541,錩泰,,23.71,13.98,1673.05,12.94,10.56
1558,伸興,,27.74,16.98,2822.74,17.10,12.39
1560,中砂,,27.83,13.83,1938.72,14.00,11.62
1568,倉佑,,18.01,10.27,1262.78,9.47,6.83
1582,信錦,,22.77,10.97,4359.50,12.25,8.19
1583,程泰,,26.44,10.15,3012.26,8.56,4.64
1587,吉茂,,25.19,6.16,757.45,6.63,6.18
1589,永冠-KY,,34.68,19.47,3911.47,21.83,15.93
1590,亞德客-KY,,50.65,25.27,5196.02,27.55,20.12
1592,英瑞-KY,,34.34,12.12,2959.82,11.13,8.42
1598,岱宇國際,,29.80,8.37,2104.44,7.49,4.98
1603,華電,,11.85,6.06,1317.13,15.05,11.33
1604,聲寶,,27.75,3.92,5926.60,10.91,10.50
1605,華新,,7.01,3.98,67742.81,4.13,3.03
1608,華榮,,3.49,1.00,3460.99,-1.99,-2.43
1609,大亞電線,,6.16,0.10,6857.60,-1.25,-1.58
1611,中電,,23.10,0.70,1343.61,-2.98,-3.33
1612,宏泰,,6.97,1.60,1540.18,1.61,1.11
1614,三洋電,,19.64,7.70,3111.87,7.72,6.63
1615,大山,,9.45,2.69,1061.57,2.53,2.01
1616,億泰,,7.00,0.68,1475.00,1.57,1.30
1617,榮星電線,,12.12,2.69,1219.34,1.98,0.77
1618,合機公司,,7.74,3.25,1052.30,4.72,4.09
1626,艾美特-KY,,21.19,5.68,6774.86,4.85,3.98
1701,中化,,29.67,6.78,2968.56,8.85,7.37
1702,南僑投控,,37.76,13.31,7862.06,12.33,8.06
1707,葡萄王,,88.58,23.70,4359.64,24.49,19.30
1708,東鹼,,28.26,14.44,2016.81,13.53,9.93
1709,和益化工,,22.28,13.67,4748.18,12.31,10.08
1710,東聯,,2.65,-2.35,7361.19,-7.56,-6.45
1711,永光化學,,24.78,8.00,4799.95,7.56,6.21
1712,興農,,27.40,4.15,8331.76,4.43,3.71
1713,國化,,19.54,10.15,290.93,18.19,16.31
1714,和桐化學,,10.25,2.90,14770.45,3.57,2.86
1717,長興材料,,24.21,9.74,18495.78,9.60,7.73
1720,生達化學,,43.20,11.23,1799.26,12.40,9.17
1721,三晃,,19.93,10.06,1939.19,10.04,9.36
1722,台肥,,14.74,5.35,6038.42,6.23,5.64
1723,中碳,,26.33,20.30,2566.70,22.19,18.58
1724,台硝,,20.37,10.34,1025.51,10.94,8.74
1725,元禎,,5.11,2.32,4184.37,2.17,1.68
1726,永記造漆,,29.70,16.62,3721.51,17.11,13.90
1727,中華化學,,14.55,5.23,992.15,5.27,4.09
1730,花仙子,,46.47,9.84,1021.41,12.07,9.25
1731,美吾華,,43.98,7.70,692.57,5.04,4.05
1732,毛寶,,41.68,-1.79,270.19,-2.47,-2.50
1733,五鼎,,29.92,17.88,991.07,16.35,13.34
1734,杏輝藥品,,37.14,-8.62,1007.38,-6.73,-7.57
1735,日勝化,,19.46,6.19,1398.90,4.82,3.06
1736,喬山健康,,45.38,-1.91,8692.71,0.65,-0.17
1737,臺鹽,,41.06,14.25,1358.51,15.87,13.60
1760,寶齡富錦,,53.75,3.63,461.73,3.06,1.96
1762,中化合成,,35.69,7.66,563.16,7.40,3.13
1773,勝一化工,,27.19,14.98,2982.84,15.27,12.44
1776,展宇,,24.20,6.93,916.27,8.50,6.87
1783,和康生技,,42.26,-7.32,143.91,-9.84,-9.99
1786,科妍,,52.61,4.00,95.03,0.11,0.14
1789,台灣神隆,,43.99,20.85,2036.81,19.20,17.00
1802,台玻,,12.27,-0.35,20362.05,-4.99,-5.60
1805,寶徠,,-127.74,-643.18,11.47,-568.84,-568.83
1806,冠軍,,33.20,1.51,2377.48,2.06,0.86
1808,潤隆,,36.93,20.23,850.93,21.96,21.39
1809,中釉,,24.52,5.82,1352.81,7.34,5.58
1810,和成,,24.61,-0.41,2754.19,-0.38,-0.89
1817,凱撒衛浴,,30.88,13.26,1051.81,13.57,9.64
1902,台紙,,13.77,3.72,2124.17,4.77,2.78
1903,士紙,,-7.74,-327.20,34.14,-371.23,-371.23
1904,正隆,,17.66,4.34,19156.83,3.58,2.69
1905,華紙,,8.50,1.76,10845.02,1.53,1.47
1906,寶隆,,12.71,0.80,461.06,30.38,28.97
1907,永豐餘,,16.56,2.17,30843.69,0.67,-0.05
1909,榮成,,19.25,8.49,15521.34,7.45,5.74
2002,中鋼,,11.57,6.70,137291.25,5.72,5.16
2006,東和鋼鐵,,12.53,7.12,13196.54,7.62,6.79
2007,燁興公司,,3.70,0.71,3660.11,-2.06,-2.06
2008,高興昌,,2.46,-8.68,573.27,-12.66,-12.66
2009,第一伸銅,,-2.77,-5.17,1137.02,-6.60,-6.60
2010,春源鋼鐵,,9.99,4.92,8601.55,5.56,4.32
2012,春雨,,17.88,5.40,4155.68,2.83,1.93
2013,中鋼構,,1.80,-0.55,7732.24,1.14,0.62
2014,中鴻,,9.11,5.27,15939.83,4.63,4.63
2015,豐興鋼鐵,,15.75,11.83,9923.87,11.95,9.68
2017,官田鋼,,16.33,7.74,2278.62,7.55,6.82
2020,美亞鋼管,,17.91,11.47,2139.47,12.12,10.07
2022,聚亨,,10.35,3.14,3685.81,1.61,1.08
2023,燁輝,,14.42,8.27,24127.97,7.14,5.11
2024,志聯工業,,12.43,6.41,677.12,5.12,5.12
2025,千興,,-0.28,-2.03,1604.72,-1.42,-1.42
2027,大成鋼,,13.26,2.49,24850.82,0.64,0.56
2028,威致鋼鐵,,1.74,-0.63,3048.25,-1.53,-1.53
2029,盛餘,,17.98,12.78,5946.40,11.53,9.42
2030,彰源,,9.17,3.14,5279.81,1.44,1.18
2031,新光鋼,,14.24,9.54,2934.53,13.58,11.96
2032,新鋼工業,,6.84,2.45,1343.03,3.04,2.60
2033,佳大世界,,15.40,4.14,402.36,3.99,3.10
2034,允強,,9.75,5.41,8281.70,4.94,4.20
2038,海光企業,,2.98,-0.05,2329.95,0.26,0.15
2049,上銀科技,,34.11,9.30,7336.79,7.45,5.31
2059,川湖,,57.15,44.40,2075.64,39.95,27.93
2062,橋椿,,24.66,12.40,3098.92,14.63,10.65
2069,運錩,,9.17,3.81,3328.40,2.85,2.31
2101,南港輪胎,,22.43,10.70,5297.84,18.24,12.56
2102,泰豐輪胎,,22.56,6.29,3022.10,6.20,3.82
2103,台橡,,16.59,8.62,13191.56,8.22,5.86
2104,國際中橡,,26.40,16.26,7698.46,14.03,6.73
2105,正新,,32.51,18.38,60366.55,17.75,13.37
2106,建大,,28.17,12.34,15137.66,12.70,9.94
2107,厚生,,33.82,17.39,737.78,15.29,9.21
2108,南帝化工,,25.26,13.83,4603.06,13.71,11.33
2109,華豐橡膠,,28.51,8.80,3121.96,6.96,4.74
2114,鑫永銓,,39.36,29.89,766.58,28.24,22.61
2115,六暉-KY,,25.42,15.15,1281.65,15.82,11.70
2201,裕隆汽車,,16.52,2.09,56522.38,3.74,2.39
2204,中華汽車,,19.00,7.70,21525.09,11.61,10.31
2206,三陽工業,,17.04,1.24,15818.24,2.47,0.61
2207,和泰汽車,,13.14,5.98,87470.61,8.72,7.19
2208,台船公司,,2.38,-0.18,9097.08,0.44,0.31
2227,裕隆日產,,15.00,3.98,19091.74,15.20,12.61
2228,劍麟,,32.10,20.37,2229.25,21.65,15.85
2231,為升,,55.91,41.38,1698.90,39.29,32.35
2236,百達-KY,,27.76,13.38,969.93,13.37,9.55
2239,英利-KY,,23.92,14.50,7145.62,13.88,10.71
2301,光寶科技,,12.94,4.26,103631.48,4.61,3.49
2302,麗正,,29.80,-5.88,264.42,7.32,6.99
2303,聯電,,18.65,3.41,71400.60,2.56,2.32
2305,全友電腦,,38.36,-13.09,358.79,4.37,0.57
2308,台達電,,27.52,9.05,100273.26,11.05,8.39
2312,金寶電子,,6.02,0.96,61221.49,2.69,1.85
2313,華通,,11.73,6.03,18709.23,2.42,1.53
2314,台揚科技,,16.88,3.17,3836.12,3.13,2.15
2316,楠梓電,,8.78,-0.01,2302.00,-2.46,-1.82
2317,鴻海,,6.55,2.99,1880146.14,3.59,2.43
2321,東訊,,11.87,1.24,2045.17,2.09,1.83
2323,中環,,5.82,-9.28,5801.71,-10.22,-10.98
2324,仁寶電腦,,4.32,1.49,349584.56,1.49,1.09
2327,國巨,,24.43,14.17,14800.43,15.54,11.85
2328,廣宇,,8.46,0.39,7727.05,12.85,11.73
2329,華泰電子,,14.64,7.84,8236.17,6.26,5.17
2330,台積電,,48.36,38.04,425305.21,38.95,32.29
2331,精英,,13.11,-18.39,13709.58,-17.29,-11.94
2332,友訊科技,,25.28,-6.03,11523.35,-5.48,-5.89
2337,旺宏,,14.58,-16.08,10267.46,-16.80,-15.40
2338,光罩,,7.68,-10.07,616.73,-13.56,-13.08
2340,光磊,,29.45,10.43,2756.82,16.10,14.12
2342,茂矽,,12.11,-2.41,681.57,-18.62,-18.04
2344,華邦電,,29.16,9.19,20583.83,9.17,7.54
2345,智邦科技,,21.05,8.28,13348.29,8.48,6.57
2347,聯強國際,,3.54,1.22,161083.81,1.63,1.51
2348,海悅,,39.98,11.79,201.22,7.94,3.87
2349,錸德科技,,4.20,-12.76,5519.19,-15.44,-16.58
2351,順德,,20.28,11.53,4255.72,11.01,8.55
2352,佳世達,,12.68,3.89,63285.14,2.35,1.84
2353,宏碁,,10.73,0.52,112477.84,0.76,0.52
2354,鴻準,,20.99,17.99,36638.40,18.38,13.69
2355,敬鵬,,17.88,12.63,11972.79,14.17,10.22
2356,英業達,,5.72,1.94,203694.63,1.82,1.31
2357,華碩,,13.82,4.05,222596.30,4.87,3.79
2358,廷鑫,,-6.78,-11.26,701.33,-10.27,-9.88
2359,所羅門,,20.78,6.02,2078.79,6.92,3.76
2360,致茂電子,,46.81,16.88,5292.34,17.31,14.05
2362,藍天,,32.72,11.56,9089.98,6.27,3.54
2363,矽統科技,,54.44,-153.45,93.45,-135.39,-135.52
2364,倫飛電腦,,23.07,-10.27,506.62,-11.79,-12.01
2365,昆盈企業,,20.94,-2.79,1837.91,-2.44,-2.72
2367,燿華,,0.57,-13.04,5441.20,-15.90,-16.07
2368,金像電,,12.00,1.41,8693.44,-1.40,-1.27
2369,菱生,,11.24,1.60,2721.01,2.08,1.22
2371,大同,,10.62,-4.96,43884.84,-3.10,-5.24
2373,震旦行,,40.80,7.14,6967.43,10.80,9.11
2374,佳能,,12.92,0.45,5758.57,1.47,0.84
2375,智寶,,11.28,-7.23,957.94,-15.73,-16.76
2376,技嘉,,18.13,3.69,25112.29,5.14,3.86
2377,微星科技,,14.49,5.14,46103.86,5.53,4.52
2379,瑞昱,,44.31,10.11,18833.99,9.30,8.54
2380,虹光精密,,30.52,-14.58,1082.69,-13.11,-14.91
2382,廣達,,5.12,1.89,405037.66,2.31,1.78
2383,台光電子,,25.45,17.23,10089.17,16.69,11.44
2385,群光電子,,15.55,4.63,34887.83,5.64,4.61
2387,精元電腦,,13.48,5.66,6679.58,6.72,4.02
2388,威盛電子,,27.06,-27.87,2406.78,5.77,5.45
2390,云辰,,17.78,-21.36,429.99,1.02,0.90
2392,正崴,,9.70,-2.17,36798.09,0.54,-0.02
2393,億光電子,,25.07,7.50,14092.41,8.04,6.43
2395,研華,,40.62,15.20,20785.91,16.65,13.40
2397,友通資訊,,34.25,18.82,1981.99,17.99,14.38
2399,映泰,,13.23,0.81,1494.55,0.83,0.36
2401,凌陽科技,,43.31,4.23,3885.91,4.59,3.26
2402,毅嘉科技,,3.21,-4.78,2813.88,-4.41,-3.61
2404,漢唐,,14.67,10.81,8272.45,10.83,8.83
2405,浩鑫,,19.31,-4.11,1943.58,-3.67,-3.56
2406,國碩科技,,17.29,12.39,10705.34,10.85,7.34
2408,南亞科,,30.71,22.16,19330.65,14.99,11.64
2409,友達,,3.94,-3.29,151226.14,-3.65,-4.22
2412,中華電,,37.81,23.56,113139.59,24.55,20.56
2413,環科,,17.26,1.99,2108.17,3.48,2.25
2414,精技電腦,,10.08,2.01,7492.63,2.06,1.69
2415,錩新,,30.25,12.13,1120.72,11.14,5.81
2417,圓剛,,50.26,-3.89,1205.21,-2.78,-3.94
2419,仲琦,,24.62,7.61,4067.96,6.21,4.76
2420,新巨,,39.84,20.44,1575.87,20.27,16.59
2421,建準電機,,21.72,4.62,4781.88,5.27,4.04
2423,固緯,,50.94,9.28,998.14,15.06,12.72
2424,隴華電子,,-79.45,-607.18,2.24,-963.98,-922.74
2425,承啟,,3.57,1.55,3309.11,1.50,0.87
2426,鼎元,,23.51,11.60,1507.50,5.47,4.50
2427,三商電腦,,30.32,0.02,1068.36,2.20,1.94
2428,興勤電子,,30.41,18.25,2542.58,19.74,13.44
2429,銘旺科,,10.36,2.09,511.05,4.14,4.14
2430,燦坤實業,,15.68,3.75,11605.80,3.12,2.43
2431,聯昌電子,,13.12,1.22,1495.16,2.19,2.23
2433,互盛電,,33.82,11.93,1659.23,11.69,9.54
2434,統懋,,-25.49,-83.92,104.90,-94.86,-97.70
2436,偉詮電,,25.54,4.30,932.01,5.15,4.87
2438,翔耀實業,,31.05,12.80,210.98,11.48,6.74
2439,美律,,18.39,5.28,5965.55,6.46,6.00
2440,太空梭,,7.71,0.04,1041.74,-1.24,-1.58
2441,超豐電子,,28.50,24.17,4969.01,24.24,21.38
2442,新美齊,,20.21,-2.03,872.21,-5.02,-5.43
2443,新利虹,,-10.94,-46.94,261.77,-43.11,-43.14
2444,兆勁,,21.38,7.40,759.91,7.02,7.02
2448,晶電,,-1.20,-14.83,12612.69,-27.52,-28.08
2449,京元電子,,29.06,17.56,9415.75,18.67,15.40
2450,神腦,,13.63,2.44,16297.58,3.42,2.89
2451,創見資訊,,21.70,13.96,10980.18,13.87,12.63
2453,凌群,,24.88,1.18,1674.06,1.71,1.58
2454,聯發科,,36.49,8.93,128432.80,10.15,8.61
2455,全新,,39.07,30.37,1288.53,30.01,24.80
2456,奇力新,,26.32,14.72,2462.99,15.00,12.40
2457,飛宏科技,,9.39,-7.72,5060.02,-7.55,-7.61
2458,義隆,,40.58,9.17,2951.58,8.87,7.13
2459,敦吉,,8.81,3.11,5843.27,3.86,3.12
2460,建通精密,,13.36,1.88,1681.86,2.05,0.32
2461,光群雷射,,26.72,8.36,2157.54,5.55,3.49
2462,良得電,,11.68,2.58,1856.50,2.05,0.96
2464,盟立,,17.26,6.36,4430.21,6.03,5.52
2465,麗臺科技,,13.15,-5.60,1337.94,-6.89,-6.90
2466,冠西電,,15.03,-1.56,776.30,-2.05,-2.96
2467,志聖工業,,30.49,6.31,1855.32,4.52,4.66
2468,華經,,15.06,3.95,668.02,4.23,3.39
2471,資通,,30.95,-1.29,316.27,1.76,1.48
2472,立隆電子,,24.68,11.75,2937.72,11.17,8.70
2474,可成科技,,39.39,31.16,34367.03,36.37,23.39
2475,華映,,4.41,-13.64,19121.43,-5.16,-9.56
2476,鉅祥,,29.44,12.76,2303.95,14.41,10.35
2477,美隆電,,22.01,7.51,1522.31,11.53,9.08
2478,大毅,,20.36,8.38,1820.43,8.85,6.32
2480,敦陽科技,,27.92,8.09,1886.02,8.74,7.25
2481,強茂,,20.62,6.13,6551.49,7.93,5.91
2482,連宇,,46.82,2.68,425.95,3.65,3.01
2483,百容,,29.61,11.06,794.03,13.04,9.69
2484,希華,,21.36,9.60,1431.62,8.91,6.89
2485,兆赫電子,,13.09,7.02,7791.55,5.66,4.22
2486,一詮精密,,9.60,-1.88,2466.01,-3.32,-2.49
2488,漢平,,27.54,16.64,1478.77,17.06,13.39
2489,瑞軒,,9.15,-3.19,10619.05,16.77,13.30
2491,吉祥全,,17.49,-24.37,166.92,-20.75,-20.75
2492,華新科,,23.58,12.39,8850.83,13.13,11.04
2493,揚博科技,,29.30,15.97,1184.42,17.45,14.49
2495,普安,,47.23,6.69,844.64,12.79,10.28
2496,卓越成功,,21.69,-8.35,92.63,-8.48,-8.48
2497,怡利電子,,23.58,3.16,1422.02,4.16,1.56
2498,宏達電,,10.50,-26.85,33683.11,-16.17,-16.85
2499,東貝光電,,20.45,2.61,4143.46,0.98,0.75
2501,國建,,28.28,21.27,7681.80,20.44,15.57
2504,國產,,-2.78,-10.82,14246.22,-9.40,-8.18
2505,國揚實業,,20.38,-9.56,566.14,-6.24,-6.82
2506,太設,,68.49,21.43,979.65,19.48,12.27
2509,全坤建,,41.86,11.84,313.51,2.77,-11.13
2511,太子,,35.79,6.72,4109.53,8.56,7.55
2515,中工,,9.12,1.62,5106.45,1.53,0.60
2516,新建,,4.59,0.72,2249.83,1.07,0.93
2520,冠德,,27.24,15.42,6421.89,8.67,6.06
2524,京城,,36.86,14.81,748.58,6.11,1.56
2527,宏璟,,19.96,1.05,510.60,1.00,-6.18
2528,皇普建設,,19.09,-3.65,82.60,-7.66,-7.66
2530,華建,,31.65,24.64,2258.88,23.74,21.84
2534,宏盛,,52.90,39.88,1209.96,28.21,21.50
2535,達工,,7.23,4.94,6775.00,5.54,4.34
2536,宏普建設,,29.32,28.23,4145.00,31.39,29.98
2537,聯上開發,,39.56,33.34,1142.89,36.08,32.59
2538,基泰建設,,40.58,27.42,574.13,15.04,2.19
2539,櫻花建設,,36.83,22.70,538.07,22.25,19.43
2540,愛山林,,77.57,44.54,293.01,26.62,15.62
2542,興富發,,38.08,26.87,13630.20,27.71,26.33
2543,皇昌營造,,4.43,2.05,2303.92,3.90,3.16
2545,皇翔,,25.34,21.98,12085.16,20.60,17.80
2546,根基,,4.97,2.83,4143.97,2.79,2.24
2547,日勝,,55.73,-247.94,1492.82,-234.60,-237.84
2548,華固建設,,28.67,8.39,1055.23,6.13,-6.90
2597,潤弘精密,,13.42,5.38,3946.43,5.37,4.51
2601,益航,,71.33,8.81,4003.77,-6.43,-12.30
2603,長榮海運,,-6.52,-8.99,58338.42,-10.38,-10.05
2605,新興,,35.00,32.86,2247.59,32.35,26.65
2606,裕民,,-12.06,-16.61,2960.50,-37.61,-38.06
2607,榮運,,18.22,15.01,3662.65,15.37,11.85
2608,嘉里大榮,,21.50,17.42,4596.38,20.05,16.42
2609,陽明海運,,-9.71,-14.93,54892.24,-16.12,-15.39
2610,華航,,13.99,4.35,68833.99,2.69,2.05
2611,志信,,30.47,4.01,620.69,4.88,4.03
2612,中航,,27.33,16.39,1635.43,10.16,6.91
2613,中櫃,,8.51,3.59,1257.39,2.99,2.72
2614,東森,,30.61,-4.11,5257.67,1.39,0.18
2615,萬海,,9.47,2.38,28392.42,1.63,1.01
2616,山隆通運,,9.99,2.51,7301.79,2.77,2.22
2617,台航,,2.48,-1.61,1157.20,0.66,0.19
2618,長榮航空,,14.23,6.04,69374.56,4.77,3.74
2630,亞洲航空,,16.91,10.09,1318.93,9.08,7.45
2633,台灣高鐵,,37.75,35.47,20045.99,13.29,11.08
2634,漢翔公司,,15.38,11.23,13808.65,9.76,7.71
2636,台驊投控,,19.14,1.48,4554.14,2.16,1.18
2637,慧洋-KY,,17.60,16.18,5365.94,15.78,15.74
2642,宅配通,,18.47,4.02,1312.96,6.25,5.19
2701,萬企,,50.92,43.16,187.55,118.43,99.01
2702,華園,,77.15,16.42,661.14,12.79,6.68
2704,國賓,,38.52,11.59,1812.72,11.57,8.86
2705,六福,,23.09,-11.30,1503.81,-13.16,-13.14
2706,第一店,,75.39,66.34,168.93,192.69,160.20
2707,晶華酒店,,33.25,17.88,3355.04,16.58,13.52
2712,遠雄來,,36.90,11.44,235.40,12.32,10.25
2722,夏都,,53.73,22.09,345.42,22.62,17.96
2723,美食-KY,,57.30,9.48,10899.26,9.55,6.97
2727,王品,,49.06,4.84,8146.57,4.25,3.03
2731,雄獅旅遊,,12.72,1.32,10444.70,2.06,1.64
2739,寒舍餐旅,,39.58,6.57,2133.12,7.51,6.16
2748,雲品,,33.29,19.14,653.57,18.33,14.99
2816,旺旺保險,,28.60,1.40,3003.55,2.01,1.99
2823,中壽,,7.75,6.06,117212.37,6.09,5.05
2832,台產,,34.31,11.70,2197.86,11.62,8.26
2841,台灣土地,,50.77,-206.32,138.64,320.03,227.98
2850,新產,,30.23,9.68,6281.26,10.07,8.99
2851,中再保,,8.00,5.60,6671.42,5.60,4.62
2852,第一保,,28.72,6.78,2684.66,6.78,5.60
2867,三商美邦,,6.73,3.72,85562.94,3.69,3.19
2901,欣欣大眾,,84.79,12.63,65.48,18.47,15.31
2903,遠百,,51.14,6.32,20938.77,4.32,2.44
2904,匯僑,,42.23,29.59,260.50,28.66,23.95
2906,高林實,,22.80,2.85,2932.57,1.70,0.79
2908,特力,,31.74,2.84,18399.54,3.30,2.30
2910,統領,,60.18,10.02,323.07,6.16,3.01
2911,麗嬰房,,47.12,-3.45,4109.81,-2.79,-2.18
2912,統一超,,32.75,5.02,105750.99,6.45,5.37
2913,台灣農林,,52.44,24.60,397.46,55.83,51.34
2915,潤泰全球,,47.77,32.17,4504.12,77.96,76.81
2923,鼎固-KY,,59.84,93.21,3620.32,80.68,37.71
2929,淘帝-KY,,38.74,26.29,2514.61,27.06,20.02
2936,客思達-KY,,30.20,4.52,6309.45,4.14,2.71
3002,歐格電子,,32.86,6.14,205.62,14.45,12.26
3003,健和興,,35.19,17.58,1452.87,17.02,12.04
3004,豐達科技,,33.29,18.45,815.05,16.87,13.77
3005,神基科技,,26.92,9.88,9032.01,10.40,8.24
3006,晶豪科技,,15.93,2.83,4127.50,8.13,6.94
3008,大立光,,63.35,54.46,18314.83,55.85,39.93
3010,華立,,9.49,3.53,19038.37,4.25,3.04
3011,今皓,,7.04,-3.37,1082.54,-2.67,-3.66
3013,晟銘電子,,10.46,2.81,1807.58,3.11,2.91
3014,聯陽,,50.73,13.55,1496.60,13.72,10.79
3015,全漢,,12.07,1.15,7689.46,2.00,1.41
3016,嘉晶,,10.24,2.62,1415.91,3.08,2.59
3017,奇鋐科技,,13.02,5.00,12747.24,4.27,3.09
3018,同開科技,,5.42,-0.32,656.93,-1.20,-1.06
3019,亞洲光學,,17.12,3.26,8330.54,3.67,2.90
3021,鴻名企業,,24.82,6.99,890.09,7.30,5.65
3022,威強電,,34.73,16.37,3226.72,24.56,19.33
3023,信邦電子,,24.51,11.89,6747.69,12.80,9.14
3024,憶聲電子,,14.99,-5.35,1983.00,-5.34,-5.73
3025,星通,,50.42,5.21,245.59,4.11,3.37
3026,禾伸堂,,14.82,3.55,6175.54,4.03,2.97
3027,盛達電業,,30.04,1.97,645.23,8.51,5.69
3028,增你強,,6.29,1.76,10704.43,1.85,1.51
3029,零壹科技,,9.57,3.37,2694.15,3.41,2.83
3030,德律科技,,55.51,21.31,1718.38,20.86,16.93
3031,佰鴻工業,,16.52,-0.36,1058.44,7.84,6.86
3032,偉訓科技,,18.85,7.11,2177.11,9.38,6.87
3033,威健,,5.99,1.65,19577.19,1.32,1.09
3034,聯詠,,28.79,12.72,22410.12,12.97,11.25
3035,智原,,43.61,7.42,3357.89,6.95,5.93
3036,文曄科技,,5.50,2.14,57370.16,1.82,1.47
3037,欣興電子,,8.28,-0.63,30320.67,-1.19,-1.44
3038,全台,,19.64,6.57,1710.76,6.54,5.46
3040,遠見,,61.68,31.14,107.60,89.44,74.59
3041,揚智,,37.35,-10.13,1778.37,-7.84,-6.67
3042,晶技,,26.75,11.45,4392.89,11.66,9.96
3043,科風,,7.95,-18.56,583.35,-19.32,-19.32
3044,健鼎科技,,15.61,6.92,20607.71,8.52,6.62
3045,台灣大,,33.23,17.77,57640.93,17.15,14.23
3046,建碁,,28.95,-25.95,532.27,-26.23,-30.22
3047,訊舟科技,,27.29,1.69,2521.19,3.52,2.83
3048,益登,,3.09,0.84,28657.46,0.34,0.27
3049,和鑫,,-77.30,-86.46,981.72,-106.38,-106.50
3050,鈺德科技,,35.10,11.23,442.60,13.14,12.38
3051,力特光電,,14.38,0.05,1413.34,-13.60,-14.91
3052,夆典,,9.83,1.57,788.04,0.61,1.28
3054,立萬利,,15.36,-21.75,65.75,43.74,41.86
3055,蔚華科技,,23.18,7.58,1917.37,7.97,4.37
3056,總太地產,,30.86,24.08,4368.33,24.08,23.76
3057,喬鼎資訊,,40.85,-8.49,1255.19,-8.85,-9.42
3058,立德電子,,14.85,0.99,2565.00,1.89,1.66
3059,華晶科技,,11.13,-1.51,5214.08,-0.66,-0.77
3060,銘異,,11.38,2.54,3998.98,2.02,2.03
3062,建漢科技,,9.55,3.56,5589.14,4.25,3.34
3090,日電貿,,14.59,5.55,3915.94,5.58,4.52
3094,聯傑國際,,69.69,20.84,158.50,26.31,22.43
3130,一零四,,90.71,27.01,720.28,30.19,36.74
3149,正達國際,,-66.06,-87.27,1115.94,0.49,0.43
3164,景岳生技,,60.50,0.28,274.05,0.55,-3.09
3167,大量科技,,26.87,10.75,957.60,12.27,9.02
3189,景碩科技,,25.31,11.44,11146.42,11.32,9.14
3209,全科,,4.64,1.44,13324.58,1.30,1.09
3229,晟鈦,,15.55,-5.87,289.13,-25.69,-25.89
3231,緯創,,5.32,0.88,281322.76,0.54,0.36
3257,虹冠電,,50.61,17.29,415.26,17.75,18.15
3266,昇陽建設,,9.63,-4.92,759.23,-10.72,-10.97
3296,勝德國際,,17.94,0.30,1253.15,0.92,0.88
3305,昇貿科技,,18.38,8.47,2155.02,9.16,6.46
3308,聯德電子,,14.91,-6.29,546.57,9.03,4.81
3311,閎暉,,8.39,-8.03,1218.30,-7.81,-6.15
3312,弘憶國際,,6.78,1.29,4373.31,1.02,0.68
3321,同泰電子,,6.83,-10.14,1181.09,-10.59,-10.77
3338,泰碩電子,,23.07,4.77,1264.61,4.83,3.92
3346,麗清,,18.43,5.80,1501.03,5.81,5.20
3356,奇偶科技,,47.32,14.82,995.54,12.07,9.45
3376,新日興,,28.83,17.98,3519.58,17.11,10.44
3380,明泰科技,,14.70,3.18,11620.16,4.23,3.35
3383,新世紀,,-88.17,-115.98,699.04,-115.87,-115.11
3406,玉晶光,,10.82,-18.67,2790.62,-25.01,-21.31
3413,京鼎,,12.45,6.74,3744.25,7.46,5.76
3416,融程電訊,,39.79,18.19,674.47,18.08,15.44
3419,譁裕實業,,14.92,-5.27,1081.52,-2.42,-2.63
3432,台端,,29.98,-11.75,231.17,-1.25,-0.31
3437,榮創,,11.86,0.46,2603.87,0.38,-0.13
3443,創意電子,,28.82,7.28,4138.03,7.34,6.30
3450,聯鈞,,31.33,24.76,4194.08,24.19,18.66
3454,晶睿,,41.41,12.09,2416.42,11.71,9.81
3481,群創光電,,-2.01,-9.28,123222.31,-9.25,-9.78
3494,誠研科技,,30.99,2.28,882.80,0.57,0.08
3501,維熹科技,,30.87,16.06,2461.17,16.90,12.94
3504,揚明光學,,21.11,-6.42,1953.38,-5.86,-7.44
3515,華擎,,20.01,3.40,3455.55,3.17,2.18
3518,柏騰科技,,17.63,-35.09,412.55,-45.67,-49.67
3519,綠能,,9.19,5.51,10050.65,5.39,5.32
3528,安馳科技,,14.96,6.81,1561.87,7.50,6.10
3530,晶相光,,29.12,10.31,675.47,11.10,9.55
3532,台勝科,,11.95,8.15,5205.02,9.41,7.27
3533,嘉澤端子,,30.63,4.50,3972.36,6.08,3.66
3535,晶彩科,,22.48,1.57,585.26,-6.15,-6.15
3536,誠創科技,,13.88,-3.89,484.42,-4.63,-4.82
3545,敦泰,,19.21,-0.19,5268.56,-0.45,-0.58
3550,聯穎,,22.33,5.82,1612.56,4.61,2.82
3557,嘉威光電,,0.00,-16.66,251.48,-18.76,-18.76
3576,聯合再生,,3.37,-8.01,10407.80,-7.89,-8.01
3579,尚志,,8.88,5.02,10217.34,4.76,4.66
3583,辛耘,,33.51,10.46,1760.26,11.45,9.26
3588,通嘉,,36.19,11.38,555.25,10.84,7.76
3591,艾笛森,,10.78,-1.22,1731.72,-4.99,-5.55
3593,力銘,,6.69,-14.19,337.60,-17.35,-18.42
3596,智易科技,,16.44,8.24,12576.47,7.65,6.17
3605,宏致,,22.10,0.12,2392.48,1.90,0.90
3607,谷崧,,5.06,-7.87,2748.60,-10.80,-8.81
3617,碩天科技,,45.57,13.30,3385.54,12.68,10.03
3622,洋華,,12.23,-6.06,772.99,-4.71,-11.03
3645,達邁,,16.19,1.53,709.27,-0.84,-1.40
3653,健策,,24.10,8.79,1675.72,8.54,7.07
3661,世芯-KY,,10.67,-11.14,1763.54,-12.30,-13.25
3665,貿聯-KY,,28.64,10.89,4328.42,10.68,8.65
3669,圓展,,50.80,5.81,882.24,6.54,4.93
3673,TPK-KY,,-1.56,-8.09,38323.78,-7.18,-6.52
3679,新至陞,,25.49,13.02,1901.65,15.28,12.62
3682,亞太電信,,-6.52,-51.46,6823.72,-40.92,-33.78
3686,達能,,-10.78,-15.35,919.13,-15.45,-15.64
3694,海華科技,,14.57,1.53,2881.92,0.61,0.58
3698,隆達,,7.97,-2.11,6990.36,-1.94,-2.02
3701,大眾投控,,13.76,0.18,5926.51,1.99,1.15
3702,大聯大,,4.27,1.76,255292.07,1.54,1.22
3703,欣陸投控,,0.64,-5.12,10583.84,-2.73,-3.80
3704,合勤控,,24.21,3.94,11936.72,3.12,1.67
3705,永信,,44.28,10.01,3026.81,17.39,14.62
3706,神達,,12.64,0.85,20754.68,4.11,3.76
4104,佳醫,,19.67,6.24,3053.51,10.43,8.66
4106,雃博,,45.27,10.22,1034.82,10.92,7.81
4108,懷特,,45.96,-1459.26,8.97,-1382.83,-1410.69
4119,旭富製藥,,44.33,30.79,1168.08,30.09,24.69
4133,亞諾法,,46.90,11.76,229.33,11.58,12.16
4137,麗豐-KY,,79.33,33.36,1832.58,34.87,26.06
4141,龍燈-KY,,41.08,5.54,4861.57,13.65,7.57
4142,國光生技,,-61.67,-172.69,156.48,-177.28,-177.28
4144,康聯-KY,,50.27,16.82,1533.78,17.81,12.30
4148,全宇生技-KY,,31.64,13.71,1101.40,13.61,13.49
4155,訊映,,29.51,18.28,485.26,19.23,13.33
4164,承業醫,,23.80,8.81,999.86,5.31,2.15
4190,佐登-KY,,70.00,18.69,818.00,20.60,14.69
4306,炎洲,,13.42,2.97,8577.56,1.55,0.72
4414,如興,,8.71,-2.90,1500.24,-4.33,-4.45
4426,利勤實業,,49.19,35.07,1258.20,34.17,26.35
4438,廣越,,15.59,2.01,2931.53,3.01,2.72
4526,東台,,22.89,1.16,4355.46,0.88,0.35
4532,瑞智精密,,23.03,13.31,9455.71,13.39,9.42
4536,拓凱,,26.85,6.48,2913.38,16.17,12.94
4540,全球傳動,,17.84,4.29,788.43,2.06,1.83
4545,銘鈺,,28.86,11.23,1300.52,12.22,8.56
4551,智伸科,,29.50,19.93,1724.64,18.23,12.57
4552,力達-KY,,24.44,17.78,3974.17,18.27,12.39
4555,台灣氣立,,41.49,18.03,662.12,16.13,13.07
4557,永新-KY,,36.33,19.25,708.30,19.92,15.62
4560,強信-KY,,43.09,24.67,540.56,23.62,16.15
4562,穎漢科技,,39.07,11.11,582.59,10.36,6.58
4566,時碩工業,,25.25,11.48,1267.84,5.83,2.83
4720,德淵企業,,21.01,3.28,1232.39,3.98,2.86
4722,國精化學,,19.70,10.70,2305.41,10.24,8.26
4725,信昌化,,-0.70,-4.06,4376.41,-6.37,-6.60
4737,華廣,,42.31,11.42,767.95,8.22,6.85
4739,康普材料,,8.67,3.12,1944.93,10.66,8.91
4746,台耀,,39.62,21.18,1641.10,19.35,15.24
4755,三福化工,,18.08,10.40,1949.21,9.97,7.79
4763,材料-KY,,28.18,18.01,810.00,19.35,17.46
4764,雙鍵,,21.78,10.23,1960.81,10.67,6.80
4807,日成-KY,,31.07,17.87,1281.63,17.50,12.43
4904,遠傳,,41.13,16.58,46886.63,15.52,12.85
4906,正文,,14.66,1.17,7065.40,3.51,2.95
4912,聯德控股-KY,,23.55,10.23,1453.01,9.85,0.60
4915,致伸,,10.49,2.90,28305.58,4.22,3.26
4916,事欣科,,19.07,5.86,1081.34,6.48,5.99
4919,新唐科技,,42.01,8.07,4074.87,10.06,8.32
4927,泰鼎-KY,,16.89,7.17,3998.42,6.84,5.75
4930,燦星網通,,17.09,-0.59,5704.13,1.78,1.44
4934,太極能源,,11.56,6.78,4685.84,6.30,6.15
4935,茂林-KY,,27.54,14.87,2973.69,15.43,14.36
4938,和碩,,6.41,3.24,481032.68,2.80,1.97
4942,嘉彰,,17.71,5.24,3133.08,7.85,6.54
4943,康控-KY,,28.57,7.96,805.66,6.71,4.64
4952,凌通科技,,38.42,16.04,1757.40,16.34,13.97
4956,光鋐,,18.22,-0.45,628.05,-5.54,-5.36
4958,臻鼎-KY,,14.10,2.84,30920.45,3.10,2.04
4960,誠美材,,-3.32,-11.11,4978.12,-16.33,-17.12
4961,天鈺,,19.25,4.17,3051.61,4.49,3.88
4967,十銓,,3.69,-2.40,1748.96,-1.95,-1.73
4968,立積,,33.89,8.95,999.31,7.93,7.01
4976,佳凌,,9.08,-5.87,669.47,-6.99,-5.62
4977,眾達-KY,,28.56,15.39,930.49,16.45,17.00
4994,傳奇,,91.55,-4.18,521.94,-1.97,-6.94
4999,鑫禾,,32.93,19.43,1024.60,19.31,13.80
5007,三星科技,,26.51,19.86,3494.61,20.08,16.09
5203,訊連,,86.01,39.95,971.09,23.08,15.80
5215,科嘉-KY,,18.69,2.09,685.30,4.34,2.71
5225,東科-KY,,13.49,-1.13,2639.62,0.59,0.05
5234,達興材料,,24.63,8.47,1712.31,8.60,7.67
5243,乙盛-KY,,13.05,3.36,4610.45,3.69,3.49
5258,虹堡,,27.61,15.76,1865.86,15.54,12.54
5259,清惠,,-31.21,-44.48,156.95,-142.97,-143.05
5264,鎧勝-KY,,21.44,11.10,14962.46,11.68,9.07
5269,祥碩科技,,49.39,17.31,791.60,16.87,14.52
5284,jpp-KY,,30.79,15.63,578.85,15.91,13.84
5285,界霖,,17.65,6.67,1081.02,6.43,4.99
5288,豐祥-KY,,18.55,12.83,2085.72,14.97,10.76
5305,敦南科技,,26.14,9.31,5043.53,10.48,7.76
5388,中磊電子,,13.93,4.29,18077.53,4.27,3.49
5434,崇越科技,,12.63,6.22,11643.88,6.89,5.04
5469,瀚宇博德,,11.37,1.42,18883.21,1.95,1.40
5471,松翰科技,,41.56,10.63,1564.80,11.04,9.00
5484,慧友電子,,31.34,1.45,600.75,4.62,3.06
5515,建國工程,,6.55,-0.20,2656.11,0.66,0.28
5519,隆大營建,,24.88,16.74,948.09,20.11,16.10
5521,工信,,5.84,2.57,2128.77,1.59,1.11
5522,遠雄建設,,27.53,19.41,14276.12,29.19,21.80
5525,順天建設,,22.49,1.22,361.64,2.51,-1.43
5531,鄉林建設,,24.39,5.93,2852.46,-4.11,-5.30
5533,皇鼎建設,,37.26,24.88,1027.69,22.24,17.70
5534,長虹,,27.41,25.37,3752.72,25.13,23.43
5538,東明-KY,,16.31,7.47,2894.03,7.56,6.04
5607,遠雄港,,47.30,20.97,630.46,16.85,16.84
5608,四維航業,,-18.35,-25.77,1798.55,-34.48,-35.08
5706,鳳凰旅遊,,13.67,4.81,1312.49,6.23,5.21
5871,中租-KY,,62.03,22.79,18330.51,27.43,20.17
5906,台南-KY,,58.41,-13.34,384.57,-14.18,-14.20
5907,大洋-KY,,82.01,15.33,3370.16,8.54,2.19
6108,競國實業,,13.83,4.43,4126.58,6.06,4.30
6112,聚碩,,8.80,3.25,4514.39,3.40,2.72
6115,鎰勝,,22.94,13.51,3280.69,15.36,9.39
6116,彩晶,,-2.86,-15.59,7619.90,-21.34,-21.32
6117,迎廣科技,,19.29,-8.61,1062.91,-8.99,-7.76
6120,達運,,5.43,-0.28,16224.84,0.38,0.09
6128,上福全球,,48.42,25.73,993.39,25.18,20.37
6131,悠克國際,,19.51,-81.50,72.88,-91.78,-91.54
6133,金橋科技,,20.38,0.55,514.44,0.73,0.35
6136,富爾特,,32.28,0.91,393.64,17.47,16.41
6139,亞翔工程,,9.40,6.60,14357.11,6.61,3.95
6141,柏承科技,,7.65,-4.45,1496.41,-4.77,-7.56
6142,友勁科技,,12.67,-6.71,1744.36,13.74,11.38
6152,百一電子,,11.85,-2.97,4073.49,-2.13,-2.35
6153,嘉聯益,,10.87,-1.40,6275.87,-0.82,-1.26
6155,鈞寶,,28.54,10.84,306.85,13.74,11.51
6164,華興電子,,26.57,3.36,786.59,17.26,14.55
6165,捷泰精密,,14.23,-21.38,73.10,-20.26,-20.26
6166,凌華科技,,44.08,3.97,4410.88,4.01,3.39
6168,宏齊科技,,6.91,-14.42,1386.90,-16.44,-16.41
6172,互億科技,,4.44,1.04,180.05,-0.77,-1.34
6176,瑞儀光電,,9.87,3.45,21399.44,6.00,4.67
6177,達麗,,29.21,17.70,1731.85,17.82,17.06
6183,關貿,,43.21,20.11,600.33,20.70,17.47
6184,大豐電,,19.55,-17.23,823.49,-20.35,-22.75
6189,豐藝電子,,8.18,3.42,8891.80,3.07,2.50
6191,精成科技,,10.10,1.51,11254.39,1.66,1.21
6192,巨路國際,,27.98,12.05,2331.89,12.94,10.26
6196,帆宣科技,,11.76,3.70,8881.09,3.38,2.41
6197,佳必琪,,16.69,2.70,2202.37,7.24,6.06
6201,亞弘電,,21.69,9.05,1659.95,10.35,8.38
6202,盛群,,48.88,19.84,2001.69,21.79,18.65
6205,詮欣,,31.70,9.92,999.29,10.29,7.88
6206,飛捷,,34.87,19.64,2764.48,19.21,16.72
6209,今國光學,,8.47,-5.02,1894.72,-3.89,-3.98
6213,聯茂,,14.95,8.45,9464.09,8.48,4.98
6214,精誠資訊,,27.18,2.68,7705.73,3.98,3.32
6215,和椿科技,,25.43,3.90,909.37,5.46,4.44
6216,居易,,51.53,27.46,601.73,24.93,21.45
6224,聚鼎,,49.48,27.66,801.89,28.68,25.39
6225,天瀚,,-55.49,-112.43,15.77,-89.11,-89.08
6226,光鼎電子,,29.78,1.25,509.17,-0.41,0.10
6230,超眾,,27.78,18.69,3548.18,18.86,14.07
6235,華孚科技,,20.46,4.93,1045.60,9.10,6.75
6239,力成,,20.49,14.81,21936.14,14.33,11.96
6243,迅杰,,27.61,-22.28,228.00,-24.04,-24.09
6251,定穎電子,,10.70,0.68,5731.83,0.88,0.22
6257,矽格,,25.89,15.46,2644.13,15.25,12.06
6269,台郡科技,,22.81,13.01,7207.61,11.49,7.29
6271,同欣電子,,24.87,15.13,3971.99,14.90,12.32
6277,宏正科,,60.35,19.21,2418.40,20.45,16.00
6278,台表科,,8.87,3.31,13269.50,2.68,1.77
6281,全國電,,19.95,4.32,9441.20,4.43,3.67
6282,康舒,,15.96,3.02,9691.81,3.95,3.08
6283,淳安電子,,14.85,-5.39,413.83,4.55,4.29
6285,啟碁科技,,13.03,4.73,25839.76,4.46,3.49
6288,聯嘉光電,,22.64,6.76,1260.49,5.81,4.38
6289,華上光電,,-68.42,-112.91,78.19,-72.38,-72.38
6405,悅城科技,,8.14,-4.76,414.88,-6.53,-7.94
6409,旭隼,,31.58,21.89,4053.72,21.85,17.88
6412,群光電能,,14.94,3.32,11687.81,4.41,3.73
6414,樺漢科技,,21.45,12.59,6692.59,13.29,10.71
6415,矽力-KY,,46.30,19.09,3116.04,19.24,18.65
6416,瑞祺電通,,25.52,14.65,1905.28,15.85,12.86
6431,光麗-KY,,-93.46,-120.91,115.51,-112.94,-114.87
6442,光聖,,21.61,10.69,2212.49,10.53,7.31
6443,元晶,,12.68,7.64,4215.83,6.57,5.56
6449,鈺邦科技,,30.93,15.93,707.95,13.51,11.31
6451,訊芯-KY,,29.62,20.51,2138.66,29.17,25.40
6452,康友-KY,,39.30,24.42,2113.09,24.89,20.80
6456,GIS-KY,,7.13,0.37,29876.42,0.97,0.98
6464,台數科,,52.60,33.38,1491.51,33.24,27.34
6477,安集,,13.61,6.11,506.32,2.99,1.52
6504,南六,,19.01,11.25,2966.76,12.06,8.58
6505,台塑石化,,18.07,16.24,265423.67,16.54,13.67
6525,捷敏-KY,,30.35,23.10,1462.35,23.35,18.59
6531,愛普,,36.63,20.61,1275.24,18.76,14.73
6533,晶心科,,99.22,-76.00,66.19,-65.85,-67.61
6541,泰福-KY,,,,,,
6552,易華電,,21.50,12.46,863.23,9.98,7.97
6558,興能高,,21.23,5.24,544.77,5.74,5.08
6579,研揚科技,,30.81,11.11,2914.03,11.18,9.21
6581,鋼聯,,48.10,36.40,688.01,34.73,26.88
6582,申豐,,35.25,27.58,1517.84,28.15,21.95
6591,動力-KY,,29.20,15.27,388.93,17.13,11.20
6605,帝寶工業,,29.73,14.13,7961.17,11.64,8.01
6625,必應,,11.32,-11.65,232.69,-12.69,-12.82
8011,台通,,13.96,-4.00,757.47,-3.37,-4.70
8016,矽創電子,,28.88,12.34,4691.41,12.31,10.20
8021,尖點,,28.22,9.77,1473.17,9.03,6.96
8028,昇陽半導體,,33.11,12.67,820.31,11.47,9.75
8033,雷虎科技,,39.00,-15.61,384.43,-7.13,-8.31
8039,台虹科技,,18.82,9.35,4905.70,6.36,4.82
8046,南電,,1.69,-4.04,15065.33,-3.66,-3.66
8070,長華電材,,9.73,3.28,5839.39,11.14,9.40
8072,陞泰,,22.93,5.56,692.37,6.62,5.15
8081,致新,,34.64,12.63,1706.74,12.77,9.91
8101,華冠通訊,,4.75,-3.70,9547.84,-5.11,-5.12
8103,瀚荃,,30.33,11.52,1232.42,10.82,6.87
8104,錸寶,,25.85,13.84,996.71,16.10,15.58
8105,凌巨,,15.34,6.40,5698.74,6.27,5.91
8110,華東,,6.50,0.73,3899.89,0.68,0.44
8112,至上電子,,2.93,1.66,46982.94,1.50,1.12
8114,振樺電子,,43.42,23.83,1542.08,23.05,19.25
8131,福懋科技,,17.11,15.57,4286.05,13.55,10.55
8150,南茂科技,,17.96,9.74,9451.23,8.92,7.02
8163,達方電子,,14.10,1.38,8783.87,1.73,1.39
8201,無敵,,19.69,-29.39,279.29,-6.26,-6.27
8210,勤誠興業,,29.31,14.48,2603.44,14.88,10.79
8213,志超,,13.22,4.53,10311.28,4.60,3.17
8215,明基材料,,13.55,3.42,6322.12,-2.10,-2.30
8222,寶一科技,,22.36,12.63,525.92,11.22,9.15
8249,菱光科技,,13.94,5.90,1988.19,6.54,4.48
8261,富鼎,,18.28,1.52,712.14,10.12,8.50
8271,宇瞻科技,,17.06,6.03,3119.97,6.20,5.04
8341,日友,,57.57,41.15,872.01,40.85,32.77
8367,建新國際,,36.72,20.26,794.37,20.69,16.59
8374,羅昇,,15.12,0.99,1773.11,-0.89,-0.97
8404,百和興業-KY,,38.01,16.85,1653.68,18.74,16.48
8411,福貞-KY,,19.41,7.24,2736.00,8.20,7.23
8422,可寧衛,,61.26,52.95,1645.57,53.50,45.98
8427,基勝-KY,,30.97,11.55,2796.04,46.44,30.87
8429,金麗-KY,,35.28,27.42,2833.86,27.72,18.41
8443,阿瘦,,57.58,1.87,999.38,2.24,1.77
8454,富邦媒,,12.54,5.03,13695.17,5.55,4.60
8463,潤泰精材,,13.96,7.43,1457.57,6.96,5.69
8464,億豐,,47.55,23.40,9085.36,24.06,18.51
8466,美吉吉-KY,,30.76,19.03,1807.57,20.65,16.31
8467,波力-KY,,23.52,1.10,769.12,5.17,4.53
8473,山林水,,41.33,34.64,1025.51,29.85,29.21
8478,東哥遊艇,,38.88,16.33,1567.13,15.81,15.64
8480,泰昇-KY,,32.98,21.00,718.78,22.48,18.57
8481,政伸,,40.02,17.77,538.02,17.36,13.84
8497,格威傳媒,,24.33,4.16,778.76,5.06,4.20
8926,台汽電,,22.92,10.17,613.21,70.89,66.74
8940,新天地,,50.18,6.17,794.11,6.52,5.41
8996,高力,,29.94,16.22,1345.34,15.16,13.00
9802,鈺齊-KY,,17.62,8.13,4687.09,9.89,7.75
9902,台火,,12.64,-18.85,34.15,14.98,14.98
9904,寶成工業,,25.19,6.40,140744.84,8.49,7.17
9905,大華金,,16.84,9.56,3510.49,10.06,7.58
9906,欣巴巴,,22.30,8.00,392.56,4.38,4.33
9907,統一實業,,13.93,6.49,16807.05,4.93,3.61
9908,大台北,,19.96,13.00,1908.63,19.73,16.49
9910,豐泰企業,,22.65,10.80,29575.27,11.66,8.70
9911,台灣櫻花,,31.99,11.98,2748.89,15.34,12.65
9912,偉聯,,27.53,-1.61,385.17,-2.04,-2.22
9914,美利達,,18.00,8.88,11078.25,11.33,8.25
9917,中保,,38.02,20.22,6604.58,18.30,14.61
9918,欣天然,,27.31,15.76,1041.46,17.14,14.17
9919,康那香,,14.42,0.59,2065.03,0.32,0.25
9921,巨大機械,,21.87,7.83,29082.12,8.46,5.84
9924,台灣福興,,25.26,13.32,4189.90,13.85,10.26
9925,新光保全,,35.47,13.06,3583.62,18.66,15.27
9926,新海瓦斯,,24.91,17.71,1069.24,18.19,14.70
9927,泰銘,,9.91,7.59,4257.35,8.50,7.10
9928,中視,,-17.94,-41.58,384.26,-31.11,-31.12
9929,秋雨,,6.82,-5.19,325.86,90.90,40.59
9930,中聯資源,,16.13,10.79,3552.46,11.25,9.39
9931,欣高,,18.32,10.37,594.47,25.38,22.52
9933,中鼎工程,,9.24,6.32,31788.60,6.34,4.88
9934,成霖企業,,28.52,3.38,10184.17,3.71,2.61
9935,慶豐富,,17.30,2.97,1728.50,2.53,1.73
9937,全國,,12.12,4.32,8769.46,4.62,3.82
9938,台灣百和,,39.99,22.72,5182.96,23.20,16.94
9939,宏全,,20.74,10.78,8607.65,10.12,8.13
9940,信義房屋,,21.41,3.47,3640.98,5.98,4.36
9941,裕融企業,,41.40,14.56,8661.61,13.58,10.49
9942,茂順,,35.70,20.88,1469.56,21.94,16.51
9943,好樂迪,,59.19,21.63,1484.82,33.27,27.72
9944,新麗企業,,26.38,7.73,1893.62,7.02,4.60
9945,潤泰創新,,24.22,12.25,6114.94,50.85,48.54
9946,三發地產,,27.95,21.19,1574.03,21.70,17.19
9955,佳龍,,5.36,1.22,1317.64,1.13,1.10
9958,世紀鋼構,,12.55,9.48,1276.16,6.31,4.64
